25180702353416009,20180904,1000.00,1000.00,0,0,0.00,0.00,0.00,1000.00,0.00
25180702353416009,20180905,1000.00,1000.00,0,0,0.00,0.00,0.00,1000.00,0.00
25180702353416009,20180908,1000.00,1000.00,0,0,0.00,0.00,0.00,1000.00,0.00
25180702353416009,20180909,1000.00,1000.00,0,0,0.00,0.00,0.00,1000.00,0.00
25180702353416009,20180910,1000.00,1000.00,0,0,0.00,0.00,0.00,1000.00,0.00
25180702353416009,20180911,1000.00,1000.00,0,0,0.00,0.00,0.00,1000.00,0.00
25180702353416009,20180912,1000.00,1000.00,0,0,0.00,0.00,0.00,1000.00,0.00
25180702353416009,20180915,1000.00,1000.00,0,0,0.00,0.00,0.00,1000.00,0.00
25180702353416009,20180916,1000.00,1000.00,0,0,0.00,0.00,0.00,1000.00,0.00
25180702353416009,20180917,1000.00,1000.00,0,0,0.00,0.00,0.00,1000.00,0.00
25180702353416009,20180918,1000.00,1000.00,0,0,0.00,0.00,0.00,1000.00,0.00
25180702353416009,20180922,1000.00,1000.00,0,0,0.00,0.00,0.00,1000.00,0.00
25180702353416009,20180923,1000.00,1000.00,0,0,0.00,0.00,0.00,1000.00,0.00
25180702353416009,20180924,1000.00,1000.00,0,0,0.00,0.00,0.00,1000.00,0.00
25180702353416009,20180925,1000.00,1000.00,0,0,0.00,0.00,0.00,1000.00,0.00
25180702353416009,20180926,1000.00,1000.00,0,0,0.00,0.00,0.00,1000.00,0.00
25180702353416009,20180929,1000.00,1000.00,0,0,0.00,0.00,0.00,1000.00,0.00
25180702353416009,20180930,1000.00,1000.00,0,0,0.00,0.00,0.00,1000.00,0.00
25180702353416009,20181001,1000.00,1000.00,0,0,0.00,0.00,0.00,1000.00,0.00
25180702353416009,20181002,1000.00,1000.00,0,0,0.00,0.00,0.00,1000.00,0.00
25180702353416009,20181003,1000.00,1000.00,0,0,0.00,0.00,0.00,1000.00,0.00
25180702353416009,20181006,1000.00,1000.00,0,0,0.00,0.00,0.00,1000.00,0.00
25180702353416009,20181007,1000.00,1000.00,0,0,0.00,0.00,0.00,1000.00,0.00
25180702353416009,20181008,1000.00,1000.00,0,0,0.00,0.00,0.00,1000.00,0.00
25180702353416009,20181009,1000.00,1000.00,0,0,0.00,0.00,0.00,1000.00,0.00
25180702353416009,20181010,1000.00,1000.00,0,0,0.00,0.00,0.00,1000.00,0.00
25180702353416009,20181013,1000.00,1000.00,0,0,0.00,0.00,0.00,1000.00,0.00
25180702353416009,20181014,1000.00,1000.00,0,0,0.00,0.00,0.00,1000.00,0.00
25180702353416009,20181015,1000.00,1000.00,0,0,0.00,0.00,0.00,1000.00,0.00
25180702353416009,20181016,1000.00,1000.00,0,0,0.00,0.00,0.00,1000.00,0.00
25180702353416009,20181017,1000.00,1000.00,0,0,0.00,0.00,0.00,1000.00,0.00
25180702353416009,20181020,1000.00,1000.00,0,0,0.00,0.00,0.00,1000.00,0.00
25180702353416009,20181021,1000.00,1000.00,0,0,0.00,0.00,0.00,1000.00,0.00
25180702353416009,20181022,1000.00,1000.00,0,0,0.00,0.00,0.00,1000.00,0.00
25180702353416009,20181023,1000.00,1000.00,0,0,0.00,0.00,0.00,1000.00,0.00
25180702353416009,20181024,1000.00,1000.00,0,0,0.00,0.00,0.00,1000.00,0.00
25180702353416009,20181027,1000.00,1000.00,0,0,0.00,0.00,0.00,1000.00,0.00
25180702353416009,20181028,1000.00,1000.00,0,0,0.00,0.00,0.00,1000.00,0.00
25180702353416009,20181029,1000.00,1000.00,0,0,0.00,0.00,0.00,1000.00,0.00
25180702353416009,20181031,1000.00,1000.00,0,0,0.00,0.00,0.00,1000.00,0.00
25180702353416009,20181103,1000.00,1000.00,0,0,0.00,0.00,0.00,1000.00,0.00
25180702353416009,20181104,1000.00,1000.00,0,0,0.00,0.00,0.00,1000.00,0.00
25180702353416009,20181105,1000.00,1000.00,0,0,0.00,0.00,0.00,1000.00,0.00
25180702353416009,20181106,1000.00,1000.00,0,0,0.00,0.00,0.00,1000.00,0.00
25180702353416009,20181110,1000.00,1000.00,0,0,0.00,0.00,0.00,1000.00,0.00
25180702353416009,20181111,1000.00,1000.00,0,0,0.00,0.00,0.00,1000.00,0.00
25180702353416009,20181112,1000.00,1000.00,0,0,0.00,0.00,0.00,1000.00,0.00
25180702353416009,20181113,1000.00,1000.00,0,0,0.00,0.00,0.00,1000.00,0.00
25180702353416009,20181114,1000.00,1000.00,0,0,0.00,0.00,0.00,1000.00,0.00
25180702353416009,20181117,1000.00,1000.00,0,0,0.00,0.00,0.00,1000.00,0.00
25180702353416009,20181118,1000.00,1000.00,0,0,0.00,0.00,0.00,1000.00,0.00
25180702353416009,20181119,1000.00,1000.00,0,0,0.00,0.00,0.00,1000.00,0.00
25180702353416009,20181120,1000.00,1000.00,0,0,0.00,0.00,0.00,1000.00,0.00
25180702353416009,20181121,1000.00,1000.00,0,0,0.00,0.00,0.00,1000.00,0.00
25180702353416009,20181124,1000.00,1000.00,0,0,0.00,0.00,0.00,1000.00,0.00
25180702353416009,20181126,1000.00,1000.00,0,0,0.00,0.00,0.00,1000.00,0.00
25180702353416009,20181127,1000.00,1000.00,0,0,0.00,0.00,0.00,1000.00,0.00
25180702353416009,20181128,1000.00,1000.00,0,0,0.00,0.00,0.00,1000.00,0.00
25180702353416009,20181201,1000.00,1000.00,0,0,0.00,0.00,0.00,1000.00,0.00
25180702353416009,20181202,1000.00,1000.00,0,0,0.00,0.00,0.00,1000.00,0.00
25180702353416009,20181203,1000.00,1000.00,0,0,0.00,0.00,0.00,1000.00,0.00
25180702353416009,20181204,1000.00,1000.00,0,0,0.00,0.00,0.00,1000.00,0.00
25180702353416009,20181205,1000.00,1000.00,0,0,0.00,0.00,0.00,1000.00,0.00
25180702353416009,20181208,1000.00,1000.00,0,0,0.00,0.00,0.00,1000.00,0.00
25180702353416009,20181209,1000.00,1000.00,0,0,0.00,0.00,0.00,1000.00,0.00
25180702353416009,20181210,1000.00,1000.00,0,0,0.00,0.00,0.00,1000.00,0.00
25180702353416009,20181211,1000.00,1000.00,0,0,0.00,0.00,0.00,1000.00,0.00
25180702353416009,20181212,1000.00,1000.00,0,0,0.00,0.00,0.00,1000.00,0.00
25180702353416009,20181215,1000.00,1000.00,0,0,0.00,0.00,0.00,1000.00,0.00
25180702353416009,20181216,1000.00,1000.00,0,0,0.00,0.00,0.00,1000.00,0.00
25180702353416009,20181217,1000.00,1000.00,0,0,0.00,0.00,0.00,1000.00,0.00
25180702353416009,20181218,1000.00,1000.00,0,0,0.00,0.00,0.00,1000.00,0.00
25180702353416009,20181219,1000.00,1000.00,0,0,0.00,0.00,0.00,1000.00,0.00
25180702353416009,20181222,1000.00,1000.00,0,0,0.00,0.00,0.00,1000.00,0.00
25180702353416009,20181223,1000.00,1000.00,0,0,0.00,0.00,0.00,1000.00,0.00
25180702353416009,20181224,1000.00,1000.00,0,0,0.00,0.00,0.00,1000.00,0.00
25180702353416009,20181225,1000.00,1000.00,0,0,0.00,0.00,0.00,1000.00,0.00
25180702353416009,20181226,1000.00,1000.00,0,0,0.00,0.00,0.00,1000.00,0.00
25180702353416009,20181229,1000.00,1000.00,0,0,0.00,0.00,0.00,1000.00,0.00
25180702353416009,20181230,1000.00,1000.00,0,0,0.00,0.00,0.00,1000.00,0.00
25180702353416009,20181231,1000.00,1000.00,0,0,0.00,0.00,0.00,1000.00,0.00
25180702353416009,20190101,1000.00,1000.00,0,0,0.00,0.00,0.00,1000.00,0.00
25180702353416009,20190102,1000.00,1000.00,0,0,0.00,0.00,0.00,1000.00,0.00
25180702353416009,20190105,1000.00,1000.00,0,0,0.00,0.00,0.00,1000.00,0.00
25180702353416009,20190106,1000.00,1000.00,0,0,0.00,0.00,0.00,1000.00,0.00
25180702353416009,20190107,1000.00,1000.00,0,0,0.00,0.00,0.00,1000.00,0.00
25180702353416009,20190108,1000.00,1000.00,0,0,0.00,0.00,0.00,1000.00,0.00
25180702353416009,20190109,1000.00,1000.00,0,0,0.00,0.00,0.00,1000.00,0.00
25180702353416009,20190112,1000.00,1000.00,0,0,0.00,0.00,0.00,1000.00,0.00
25180702353416009,20190113,1950.00,1950.00,306990,103500000,201825000000.00,1950.00,1950.00,1000.00,1950.00
25180702353416009,20190114,2047.00,2047.00,293,89616,183443952.00,2047.00,2047.00,1950.00,2047.00
25180702353416009,20190115,2149.00,2149.00,310,94675,203456575.00,2149.00,2149.00,2047.00,2149.00
25180702353416009,20190116,2256.00,2256.00,449,134673,303822288.00,2256.00,2256.00,2149.00,2256.00
25180702353416009,20190119,2368.00,2368.00,705,210279,497940672.00,2368.00,2368.00,2256.00,2368.00
25180702353416009,20190120,2486.00,2486.00,585,190428,473404008.00,2486.00,2486.00,2368.00,2486.00
25180702353416009,20190121,2486.00,2486.00,0,0,0.00,0.00,0.00,2486.00,0.00
25180702353416009,20190122,2712.00,2740.00,4150,1347019,3653275450.00,2610.00,2740.00,2486.00,2610.00
25180702353416009,20190123,2847.00,2847.00,12144,3918782,11156772354.00,2847.00,2847.00,2712.00,2847.00
25180702353416009,20190126,2989.00,2989.00,20316,6812567,20362762763.00,2989.00,2989.00,2847.00,2989.00
25180702353416009,20190127,3137.00,3138.00,111100,47930465,150360958420.00,3081.00,3138.00,2989.00,3138.00
25180702353416009,20190128,3094.00,3027.00,70790,33633662,104061165186.00,3011.00,3210.00,3137.00,3180.00
25180702353416009,20190129,2996.00,2956.00,24252,19278011,57748276942.00,2943.00,3090.00,3094.00,2985.00
25180702353416009,20190130,2869.00,2847.00,11312,13559078,38905098458.00,2847.00,2956.00,2996.00,2915.00
25180702353416009,20190202,2962.00,3012.00,12609,17334291,51351106334.00,2770.00,3012.00,2869.00,2853.00
25180702353416009,20190203,3048.00,3073.00,7342,12724517,38778505672.00,2989.00,3100.00,2962.00,2989.00
25180702353416009,20190204,3014.00,2955.00,4927,6609121,19918240610.00,2950.00,3120.00,3048.00,3039.00
25180702353416009,20190205,2976.00,2978.00,3736,5514152,16408138587.00,2889.00,3028.00,3014.00,2952.00
25180702353416009,20190206,2965.00,2967.00,2868,4919234,14585258029.00,2930.00,3030.00,2976.00,2965.00
25180702353416009,20190210,3017.00,3012.00,3911,3753190,11324847748.00,2950.00,3067.00,2965.00,2950.00
25180702353416009,20190212,3115.00,3167.00,5338,10332341,32185213261.00,3010.00,3167.00,3017.00,3010.00
25180702353416009,20190213,3162.00,3120.00,7031,10108283,31960893400.00,3090.00,3248.00,3115.00,3200.00
25180702353416009,20190216,3094.00,3050.00,4793,4469544,13828602774.00,3047.00,3176.00,3162.00,3055.00
25180702353416009,20190217,3062.00,3090.00,3209,5508768,16869836044.00,2999.00,3139.00,3094.00,3060.00
25180702353416009,20190218,3062.00,3090.00,0,0,0.00,0.00,0.00,3062.00,0.00
25180702353416009,20190219,3062.00,3090.00,0,0,0.00,0.00,0.00,3062.00,0.00
25180702353416009,20190220,3062.00,3090.00,0,0,0.00,0.00,0.00,3062.00,0.00
25180702353416009,20190223,3133.00,3122.00,1853,4364181,13673841749.00,3000.00,3196.00,3062.00,3148.00
25180702353416009,20190224,3082.00,3070.00,2422,4068602,12538472935.00,3052.00,3150.00,3133.00,3130.00
25180702353416009,20190225,3048.00,3050.00,2041,3396228,10351234814.00,3024.00,3080.00,3082.00,3071.00
25180702353416009,20190226,3016.00,3015.00,1405,2750094,8293666788.00,3001.00,3040.00,3048.00,3002.00
25180702353416009,20190227,3083.00,3075.00,1635,3144766,9694494699.00,3010.00,3127.00,3016.00,3011.00
25180702353416009,20190302,3049.00,3050.00,1401,2428540,7404781660.00,3022.00,3076.00,3083.00,3070.00
25180702353416009,20190303,3096.00,3127.00,1901,5321068,16475013319.00,3022.00,3135.00,3049.00,3049.00
25180702353416009,20190304,3153.00,3116.00,1939,5188452,16357328911.00,3110.00,3190.00,3096.00,3139.00
25180702353416009,20190305,3278.00,3310.00,1843,7080163,23209420016.00,3125.00,3310.00,3153.00,3125.00
25180702353416009,20190306,3411.00,3337.00,3368,21354288,72848178008.00,3326.00,3441.00,3278.00,3400.00
25180702353416009,20190309,3387.00,3360.00,3346,16381155,55475024428.00,3244.00,3519.00,3411.00,3320.00
25180702353416009,20190310,3424.00,3380.00,1793,6695812,22928785719.00,3365.00,3489.00,3387.00,3365.00
25180702353416009,20190311,3548.00,3520.00,2629,12602211,44709444085.00,3401.00,3595.00,3424.00,3440.00
25180702353416009,20190312,3632.00,3640.00,2634,7784246,28276006930.00,3510.00,3698.00,3548.00,3513.00
25180702353416009,20190313,3557.00,3590.00,3239,7020869,24976669655.00,3470.00,3720.00,3632.00,3684.00
25180702353416009,20190316,3566.00,3590.00,2404,6328330,22567843543.00,3451.00,3650.00,3557.00,3550.00
25180702353416009,20190317,3578.00,3588.00,1619,2969320,10624149706.00,3523.00,3629.00,3566.00,3589.00
25180702353416009,20190318,3701.00,3720.00,3599,5244869,19411982018.00,3501.00,3756.00,3578.00,3501.00
25180702353416009,20190319,3828.00,3886.00,1510,5948912,22771523545.00,3710.00,3886.00,3701.00,3748.00
25180702353416009,20190325,3999.00,4019.00,588,3085347,12339074737.00,3832.00,4019.00,3828.00,3960.00
25180702353416009,20190326,4198.00,4198.00,276,2018598,8474074404.00,4198.00,4198.00,3999.00,4198.00
25180702353416009,20190327,4323.00,4407.00,2488,12131947,52441577227.00,4100.00,4407.00,4198.00,4407.00
25180702353416009,20190330,4524.00,4539.00,448,1925361,8710940122.00,4413.00,4539.00,4323.00,4500.00
25180702353416009,20190331,4728.00,4750.00,2665,14128223,66794623760.00,4570.00,4750.00,4524.00,4750.00
25180702353416009,20190406,4902.00,4964.00,791,2436191,11941764396.00,4730.00,4964.00,4728.00,4870.00
25180702353416009,20190407,5147.00,5147.00,25,69978,360176766.00,5147.00,5147.00,4902.00,5147.00
25180702353416009,20190408,5147.00,5147.00,0,0,0.00,0.00,0.00,5147.00,0.00
25180702353416009,20190409,5410.00,5548.00,2892,14212207,76890987104.00,5203.00,5674.00,5147.00,5404.00
25180702353416009,20190410,5680.00,5680.00,885,4558596,25890880247.00,5610.00,5680.00,5410.00,5680.00
25180702353416009,20190413,5910.00,5870.00,3192,12593803,74423945524.00,5740.00,5964.00,5680.00,5935.00
25180702353416009,20190414,5651.00,5615.00,3338,15180916,85788270805.00,5615.00,5890.00,5910.00,5805.00
25180702353416009,20190415,5476.00,5369.00,3079,13026912,71336085319.00,5369.00,5739.00,5651.00,5372.00
25180702353416009,20190416,5211.00,5203.00,509,3362748,17523693872.00,5203.00,5320.00,5476.00,5203.00
25180702353416009,20190417,4951.00,4951.00,184,499931,2475158381.00,4951.00,4951.00,5211.00,4951.00
25180702353416009,20190420,5071.00,5198.00,1760,7412352,37591684412.00,4800.00,5198.00,4951.00,4800.00
25180702353416009,20190422,5098.00,4949.00,1912,7334677,37395362412.00,4900.00,5324.00,5071.00,5324.00
25180702353416009,20190423,4993.00,4934.00,1219,3779011,18869784835.00,4859.00,5188.00,5098.00,4859.00
25180702353416009,20190424,4859.00,4869.00,1544,4395452,21358787416.00,4744.00,4995.00,4993.00,4993.00
25180702353416009,20190427,5064.00,5101.00,1445,6383937,32325350864.00,4870.00,5101.00,4859.00,4870.00
25180702353416009,20190428,5108.00,5060.00,1509,4371061,22328500040.00,5010.00,5270.00,5064.00,5150.00
25180702353416009,20190429,5042.00,5038.00,2399,5613954,28308000824.00,5000.00,5148.00,5108.00,5120.00
25180702353416009,20190430,4960.00,4900.00,1309,3813489,18914081625.00,4821.00,5169.00,5042.00,5150.00
25180702353416009,20190501,5048.00,5065.00,1256,4959420,25034749187.00,4800.00,5111.00,4960.00,4960.00
25180702353416009,20190504,5138.00,5128.00,1418,4773053,24522845003.00,5077.00,5200.00,5048.00,5100.00
25180702353416009,20190505,5151.00,5041.00,2063,8557759,44084341876.00,5000.00,5300.00,5138.00,5180.00
25180702353416009,20190506,4971.00,4927.00,1365,5195792,25829386347.00,4894.00,5143.00,5151.00,5100.00
25180702353416009,20190507,4779.00,4723.00,596,2370391,11328150102.00,4723.00,5047.00,4971.00,4945.00
25180702353416009,20190508,4861.00,4980.00,1200,3356510,16315134341.00,4562.00,5006.00,4779.00,4600.00
25180702353416009,20190511,5098.00,5104.00,1251,5759597,29362331928.00,5000.00,5104.00,4861.00,5022.00
25180702353416009,20190512,5206.00,5330.00,2247,9466279,49284052654.00,4950.00,5348.00,5098.00,5280.00
25180702353416009,20190513,5461.00,5466.00,1133,6672503,36439226198.00,5390.00,5466.00,5206.00,5390.00
25180702353416009,20190514,5725.00,5699.00,1890,10148180,58095316492.00,5405.00,5734.00,5461.00,5700.00
25180702353416009,20190515,5611.00,5519.00,1989,7512540,42149457426.00,5440.00,5780.00,5725.00,5780.00
25180702353416009,20190518,5406.00,5331.00,1144,3682339,19908382336.00,5233.00,5600.00,5611.00,5600.00
25180702353416009,20190519,5345.00,5398.00,1606,5819549,31102751942.00,5136.00,5580.00,5406.00,5290.00
25180702353416009,20190520,5333.00,5330.00,1047,2886649,15393929614.00,5200.00,5450.00,5345.00,5410.00
25180702353416009,20190521,5296.00,5350.00,1564,4623462,24486890850.00,5200.00,5467.00,5333.00,5300.00
25180702353416009,20190522,5253.00,5183.00,1034,2362213,12408014790.00,5166.00,5420.00,5296.00,5356.00
25180702353416009,20190525,5459.00,5515.00,1571,6014489,32835966145.00,5100.00,5515.00,5253.00,5300.00
25180702353416009,20190526,5687.00,5731.00,2365,8428619,47931850807.00,5480.00,5731.00,5459.00,5680.00
25180702353416009,20190528,5792.00,5685.00,1414,4534784,26267108056.00,5650.00,5949.00,5687.00,5920.00
25180702353416009,20190529,5564.00,5584.00,2127,8474648,47149170024.00,5503.00,5800.00,5792.00,5750.00
25180702353416009,20190601,5611.00,5681.00,1026,2729193,15313642373.00,5350.00,5710.00,5564.00,5610.00
25180702353416009,20190602,5702.00,5670.00,940,2830752,16139719380.00,5620.00,5799.00,5611.00,5779.00
25180702353416009,20190603,5664.00,5540.00,1337,4116848,23316150685.00,5503.00,5760.00,5702.00,5700.00
25180702353416009,20190608,5553.00,5522.00,1005,3098255,17204213057.00,5464.00,5680.00,5664.00,5562.00
25180702353416009,20190609,5799.00,5830.00,2306,10692989,62005031874.00,5478.00,5830.00,5553.00,5490.00
25180702353416009,20190610,6088.00,6088.00,547,3684428,22429622890.00,6012.00,6088.00,5799.00,6088.00
25180702353416009,20190611,6392.00,6392.00,218,855281,5466956152.00,6392.00,6392.00,6088.00,6392.00
25180702353416009,20190612,6517.00,6200.00,2394,9425426,61426144496.00,6180.00,6711.00,6392.00,6711.00
25180702353416009,20190615,6499.00,6551.00,1395,5021134,32632587679.00,6200.00,6930.00,6517.00,6230.00
25180702353416009,20190616,6655.00,6324.00,1261,4506689,29994183683.00,6169.00,6815.00,6499.00,6600.00
25180702353416009,20190617,6329.00,6330.00,1632,5787801,36628937391.00,6323.00,6499.00,6655.00,6499.00
25180702353416009,20190618,6329.00,6330.00,0,0,0.00,0.00,0.00,6329.00,0.00
25180702353416009,20190619,6329.00,6330.00,0,0,0.00,0.00,0.00,6329.00,0.00
25180702353416009,20190622,6329.00,6330.00,0,0,0.00,0.00,0.00,6329.00,0.00
25180702353416009,20190623,6044.00,6133.00,1406,4154864,25112177707.00,5985.00,6600.00,6029.00,6300.00
25180702353416009,20190624,6143.00,6193.00,2402,7235719,44451043669.00,5902.00,6300.00,6044.00,6290.00
25180702353416009,20190625,6372.00,6450.00,1924,7247953,46180736751.00,6131.00,6450.00,6143.00,6344.00
25180702353416009,20190626,6660.00,6633.00,2597,6904802,45989345431.00,6550.00,6690.00,6372.00,6690.00
25180702353416009,20190630,6747.00,6693.00,1707,3875414,26148261927.00,6600.00,6960.00,6660.00,6750.00
25180702353416009,20190701,6493.00,6496.00,1619,3811333,24747556997.00,6410.00,6692.00,6747.00,6692.00
25180702353416009,20190702,6526.00,6628.00,1251,2726699,17794931060.00,6320.00,6769.00,6493.00,6550.00
25180702353416009,20190703,6621.00,6597.00,841,1740760,11524750669.00,6550.00,6740.00,6526.00,6730.00
25180702353416009,20190706,6370.00,6370.00,1151,2881609,18357109094.00,6290.00,6560.00,6621.00,6499.00
25180702353416009,20190707,6433.00,6394.00,875,1313449,8449445631.00,6301.00,6600.00,6370.00,6330.00
25180702353416009,20190708,6447.00,6400.00,1334,2762859,17812231714.00,6380.00,6538.00,6433.00,6538.00
25180702353416009,20190709,6418.00,6439.00,1784,4118401,26430036354.00,6202.00,6533.00,6447.00,6533.00
25180702353416009,20190710,6448.00,6435.00,1171,2705876,17448279993.00,6325.00,6590.00,6418.00,6410.00
25180702353416009,20190713,6349.00,6400.00,924,2033853,12913783670.00,6302.00,6550.00,6448.00,6435.00
25180702353416009,20190714,6445.00,6400.00,961,2187761,14100334639.00,6361.00,6590.00,6349.00,6496.00
25180702353416009,20190715,6292.00,6200.00,1152,2569486,16166081139.00,6200.00,6498.00,6445.00,6498.00
25180702353416009,20190716,5990.00,5978.00,1024,3453267,20685882653.00,5978.00,6350.00,6292.00,6350.00
25180702353416009,20190717,6095.00,6111.00,1051,2918197,17786747739.00,5691.00,6289.00,5990.00,5692.00
25180702353416009,20190720,6085.00,6110.00,667,1532862,9326862498.00,5928.00,6200.00,6095.00,5970.00
25180702353416009,20190721,6350.00,6389.00,1227,3357422,21318575301.00,6100.00,6389.00,6085.00,6110.00
25180702353416009,20190722,6296.00,6220.00,843,1671971,10526232788.00,6156.00,6530.00,6350.00,6500.00
25180702353416009,20190723,6058.00,6077.00,461,888883,5384515879.00,5866.00,6468.00,6296.00,6160.00
25180702353416009,20190724,6076.00,6060.00,563,1243980,7558879317.00,6010.00,6249.00,6058.00,6010.00
25180702353416009,20190727,6088.00,6110.00,638,1157173,7044917739.00,6010.00,6178.00,6076.00,6011.00
25180702353416009,20190728,6011.00,5998.00,951,1957196,11765449940.00,5965.00,6210.00,6088.00,6150.00
25180702353416009,20190729,5897.00,5947.00,954,2155652,12712592446.00,5815.00,6058.00,6011.00,5966.00
25180702353416009,20190730,6008.00,6020.00,752,1549409,9309279970.00,5831.00,6080.00,5897.00,6000.00
25180702353416009,20190731,6051.00,6052.00,1136,2350196,14221609037.00,5851.00,6180.00,6008.00,6099.00
25180702353416009,20190803,6231.00,6270.00,1152,3266490,20352712718.00,6050.00,6299.00,6051.00,6064.00
25180702353416009,20190804,6342.00,6400.00,1490,3308675,20982407306.00,6100.00,6472.00,6231.00,6300.00
25180702353416009,20190805,6384.00,6318.00,1214,2413684,15408099069.00,6310.00,6498.00,6342.00,6420.00
25180702353416009,20190806,6322.00,6390.00,1149,2427345,15346047050.00,6170.00,6449.00,6384.00,6449.00
25180702353416009,20190807,6421.00,6410.00,1392,3095167,19873672932.00,6310.00,6499.00,6322.00,6386.00
25180702353416009,20190810,6449.00,6430.00,1203,2164424,13959408149.00,6346.00,6549.00,6421.00,6400.00
25180702353416009,20190811,6413.00,6390.00,1480,3043042,19513872134.00,6297.00,6570.00,6449.00,6570.00
25180702353416009,20190813,6289.00,6290.00,1328,3135399,19718100380.00,6205.00,6450.00,6413.00,6450.00
25180702353416009,20190814,6252.00,6232.00,1329,2388747,14934504892.00,6180.00,6350.00,6289.00,6291.00
25180702353416009,20190817,6202.00,6215.00,1150,2781005,17248179929.00,6150.00,6340.00,6252.00,6300.00
25180702353416009,20190818,6347.00,6444.00,1265,3244175,20591690919.00,6250.00,6480.00,6202.00,6255.00
25180702353416009,20190819,6403.00,6380.00,1115,2428337,15548974825.00,6300.00,6496.00,6347.00,6490.00
25180702353416009,20190821,6700.00,6723.00,1844,9078724,60827533413.00,6421.00,6723.00,6403.00,6478.00
25180702353416009,20190824,7035.00,7035.00,246,1538027,10820019945.00,7035.00,7035.00,6700.00,7035.00
25180702353416009,20190825,7282.00,7386.00,3201,19162739,139534264368.00,6800.00,7386.00,7035.00,7386.00
25180702353416009,20190826,7640.00,7646.00,605,4045687,30907915554.00,7500.00,7646.00,7282.00,7640.00
25180702353416009,20190827,7676.00,7435.00,3040,11964465,91842998989.00,7400.00,8020.00,7640.00,8000.00
25180702353416009,20190828,7898.00,8059.00,2969,14135468,111637510310.00,7321.00,8059.00,7676.00,7400.00
25180702353416009,20190831,8193.00,8076.00,2165,8151667,66785448641.00,7900.00,8292.00,7898.00,8285.00
25180702353416009,20190901,8206.00,8190.00,1790,6000443,49242559888.00,7806.00,8500.00,8193.00,8000.00
25180702353416009,20190902,7871.00,7796.00,1437,6481693,51018771457.00,7796.00,8200.00,8206.00,8045.00
25180702353416009,20190903,7902.00,7911.00,1502,4529281,35791850664.00,7550.00,8185.00,7871.00,7550.00
25180702353416009,20190904,7957.00,7925.00,1149,3589894,28564507797.00,7858.00,8110.00,7902.00,8049.00
25180702353416009,20190907,8230.00,8354.00,855,4571952,37625606808.00,7900.00,8354.00,7957.00,7903.00
25180702353416009,20190908,8641.00,8641.00,938,8957745,77402370529.00,8599.00,8641.00,8230.00,8641.00
25180702353416009,20190911,9073.00,9073.00,154,478856,4344660488.00,9073.00,9073.00,8641.00,9073.00
25180702353416009,20190914,9526.00,9526.00,210,916319,8728854794.00,9526.00,9526.00,9073.00,9526.00
25180702353416009,20190915,9917.00,10002.00,1397,9873708,97916383197.00,9600.00,10002.00,9526.00,9900.00
25180702353416009,20190916,10145.00,10150.00,3137,12081424,122568715315.00,9700.00,10412.00,9917.00,10412.00
25180702353416009,20190917,9910.00,9796.00,1844,6518053,64591491332.00,9638.00,10144.00,10145.00,10140.00
25180702353416009,20190918,9462.00,9415.00,1402,8165126,77257622757.00,9415.00,9900.00,9910.00,9900.00
25180702353416009,20190921,9640.00,9320.00,1576,7364362,70995649581.00,9320.00,9899.00,9462.00,9370.00
25180702353416009,20190922,9574.00,9459.00,1774,4607361,44112042218.00,9343.00,9840.00,9640.00,9599.00
25180702353416009,20190923,9951.00,10052.00,760,4041633,40216309190.00,9653.00,10052.00,9574.00,9720.00
25180702353416009,20190924,10429.00,10448.00,2612,23588416,246010257611.00,10055.00,10448.00,9951.00,10448.00
25180702353416009,20190925,10405.00,10470.00,2634,10173908,105860310518.00,9913.00,10660.00,10429.00,10590.00
25180702353416009,20190928,10852.00,10919.00,2644,9120192,98970305404.00,10500.00,10925.00,10405.00,10751.00
25180702353416009,20190929,10599.00,10602.00,2660,7879630,83517999582.00,10310.00,11190.00,10852.00,11190.00
25180702353416009,20190930,10869.00,10730.00,1977,6459949,70214491381.00,10305.00,11100.00,10599.00,10900.00
25180702353416009,20191001,10488.00,10326.00,2476,8057249,84507602517.00,10326.00,10999.00,10869.00,10999.00
25180702353416009,20191002,10210.00,10300.00,1737,6942327,70881915121.00,9964.00,10840.00,10488.00,10060.00
25180702353416009,20191005,10400.00,10160.00,1748,5094152,52977654903.00,10051.00,10708.00,10210.00,10300.00
25180702353416009,20191006,9961.00,10004.00,1699,6684629,66586679145.00,9880.00,10200.00,10400.00,10200.00
25180702353416009,20191007,10091.00,9986.00,1012,3124741,31530977516.00,9970.00,10350.00,9961.00,10000.00
25180702353416009,20191008,9714.00,9700.00,978,3473572,33741010775.00,9587.00,10200.00,10091.00,10014.00
25180702353416009,20191009,9595.00,9910.00,961,1742748,16720919721.00,9250.00,9999.00,9714.00,9256.00
25180702353416009,20191012,10073.00,10074.00,428,2046035,20609827397.00,10000.00,10074.00,9595.00,10073.00
25180702353416009,20191013,10487.00,10399.00,1788,6773558,71031811171.00,10154.00,10576.00,10073.00,10576.00
25180702353416009,20191014,10128.00,10100.00,1023,2667064,27010920215.00,9963.00,10450.00,10487.00,10205.00
25180702353416009,20191015,9728.00,9622.00,553,2144578,20862406848.00,9622.00,10419.00,10128.00,10019.00
25180702353416009,20191016,9302.00,9242.00,815,2766972,25739053595.00,9242.00,9622.00,9728.00,9242.00
25180702353416009,20191020,8839.00,8837.00,206,553860,4895331871.00,8837.00,9099.00,9302.00,8837.00
25180702353416009,20191021,8460.00,8466.00,839,3483329,29468088716.00,8398.00,8690.00,8839.00,8398.00
25180702353416009,20191022,8737.00,8679.00,907,3589578,31362643899.00,8450.00,8883.00,8460.00,8680.00
25180702353416009,20191023,8402.00,8310.00,692,1876524,15766004978.00,8301.00,8890.00,8737.00,8890.00
25180702353416009,20191026,8035.00,8155.00,947,2760457,22180878347.00,7982.00,8300.00,8402.00,8300.00
25180702353416009,20191028,8322.00,8436.00,662,1689934,14064444766.00,7869.00,8436.00,8035.00,7869.00
25180702353416009,20191030,8736.00,8738.00,371,1535569,13415025312.00,8700.00,8738.00,8322.00,8700.00
25180702353416009,20191102,8748.00,8580.00,960,2289628,20030395418.00,8410.00,9140.00,8736.00,9140.00
25180702353416009,20191103,8671.00,8698.00,857,1903583,16505590886.00,8400.00,8900.00,8748.00,8400.00
25180702353416009,20191104,8412.00,8282.00,762,1465543,12328821069.00,8251.00,8600.00,8671.00,8600.00
25180702353416009,20191105,8358.00,8400.00,664,1490067,12454419534.00,8050.00,8640.00,8412.00,8292.00
25180702353416009,20191109,8909.00,8959.00,963,1796303,16002744550.00,8775.00,9212.00,8358.00,8775.00
25180702353416009,20191110,9213.00,9354.00,1457,4806336,44278771070.00,8652.00,9354.00,8909.00,9050.00
25180702353416009,20191111,9667.00,9673.00,1133,5620047,54330729392.00,9390.00,9673.00,9213.00,9589.00
25180702353416009,20191112,9871.00,9870.00,1737,4230371,41757916834.00,9673.00,10100.00,9667.00,9815.00
25180702353416009,20191113,9806.00,9923.00,1569,3394874,33290114778.00,9551.00,10009.00,9871.00,9999.00
25180702353416009,20191116,9754.00,9500.00,1289,2528934,24666316631.00,9460.00,9980.00,9806.00,9901.00
25180702353416009,20191117,9267.00,9267.00,224,1148273,10641045891.00,9267.00,9267.00,9754.00,9267.00
25180702353416009,20191118,8871.00,8888.00,1423,4400884,39039335148.00,8804.00,9200.00,9267.00,8804.00
25180702353416009,20191119,9022.00,9099.00,861,1743672,15730728953.00,8858.00,9190.00,8871.00,8858.00
25180702353416009,20191120,9271.00,9387.00,856,1634517,15154069300.00,9050.00,9400.00,9022.00,9050.00
25180702353416009,20191123,9716.00,9734.00,1063,6188566,60125326404.00,9400.00,9734.00,9271.00,9473.00
25180702353416009,20191124,10177.00,10201.00,1424,6558763,66750719975.00,9910.00,10201.00,9716.00,10054.00
25180702353416009,20191125,10377.00,10240.00,1972,5051015,52416594736.00,10209.00,10649.00,10177.00,10600.00
25180702353416009,20191126,10259.00,10335.00,2330,5235949,53718178210.00,10066.00,10552.00,10377.00,10360.00
25180702353416009,20191127,10394.00,10650.00,1661,5869522,61007191577.00,10259.00,10750.00,10259.00,10351.00
25180702353416009,20191130,10765.00,10670.00,1730,3913808,42130806765.00,10650.00,10899.00,10394.00,10750.00
25180702353416009,20191201,10681.00,10602.00,1634,3361668,35905036143.00,10587.00,10888.00,10765.00,10800.00
25180702353416009,20191202,10248.00,10160.00,2298,5682826,58236683582.00,10147.00,10799.00,10681.00,10760.00
25180702353416009,20191203,10361.00,10469.00,1369,2998973,31072598352.00,10006.00,10600.00,10248.00,10158.00
25180702353416009,20191204,10850.00,10879.00,1657,7180791,77913179504.00,10301.00,10879.00,10361.00,10301.00
25180702353416009,20191207,11316.00,11392.00,2440,9878400,111782089469.00,11000.00,11392.00,10850.00,11050.00
25180702353416009,20191208,11555.00,11447.00,2125,4576445,52881747736.00,11300.00,11740.00,11316.00,11740.00
25180702353416009,20191209,11787.00,11785.00,1967,4546702,53593618922.00,11321.00,12099.00,11555.00,11350.00
25180702353416009,20191210,11495.00,11199.00,2909,6691074,76911265680.00,11198.00,11900.00,11787.00,11900.00
25180702353416009,20191211,11310.00,11246.00,1681,3200625,36199063664.00,10960.00,11680.00,11495.00,10960.00
25180702353416009,20191214,11707.00,11875.00,2188,6014215,70408900494.00,11250.00,11875.00,11310.00,11250.00
25180702353416009,20191215,12002.00,12130.00,2106,4518685,54232669642.00,11300.00,12287.00,11707.00,12286.00
25180702353416009,20191216,12515.00,12602.00,2048,6080698,76099257740.00,11955.00,12602.00,12002.00,12000.00
25180702353416009,20191217,12643.00,12496.00,2143,4209676,53224379183.00,12000.00,13000.00,12515.00,13000.00
25180702353416009,20191218,12322.00,12149.00,1911,3435767,42335763140.00,12142.00,12566.00,12643.00,12460.00
25180702353416009,20191221,12108.00,12179.00,1904,3249559,39345741741.00,11830.00,12499.00,12322.00,12102.00
25180702353416009,20191222,11964.00,11900.00,1991,3008402,35991491698.00,11840.00,12300.00,12108.00,12300.00
25180702353416009,20191223,11649.00,11600.00,2661,5366365,62510231579.00,11366.00,12218.00,11964.00,12000.00
25180702353416009,20191224,11434.00,11350.00,1961,3643219,41656023614.00,11250.00,11600.00,11649.00,11420.00
25180702353416009,20191225,11527.00,11600.00,2129,4186963,48263954260.00,11308.00,11747.00,11434.00,11489.00
25180702353416009,20191228,11897.00,12063.00,1770,3817738,45419422880.00,11500.00,12063.00,11527.00,11500.00
25180702353416009,20191229,11979.00,11949.00,1752,2469995,29588448692.00,11700.00,12349.00,11897.00,12300.00
25180702353416009,20191230,12007.00,12070.00,2400,4723528,56714527371.00,11800.00,12350.00,11979.00,11990.00
25180702353416009,20191231,11668.00,11728.00,2690,4285383,50001061560.00,11407.00,12050.00,12007.00,12033.00
25180702353416009,20200101,11769.00,11664.00,1984,3937745,46343116304.00,11300.00,12099.00,11668.00,11840.00
25180702353416009,20200104,11181.00,11181.00,385,1168498,13064976138.00,11181.00,11181.00,11769.00,11181.00
25180702353416009,20200105,10622.00,10622.00,717,2210788,23482990136.00,10622.00,10622.00,11181.00,10622.00
25180702353416009,20200107,10130.00,10091.00,850,2166237,21943755022.00,10091.00,10499.00,10622.00,10091.00
25180702353416009,20200108,9928.00,9928.00,171,94780,940975840.00,9928.00,9928.00,10130.00,9928.00
25180702353416009,20200111,10126.00,10126.00,181,1122062,11361999812.00,10126.00,10126.00,9928.00,10126.00
25180702353416009,20200112,10632.00,10632.00,163,925347,9838289304.00,10632.00,10632.00,10126.00,10632.00
25180702353416009,20200113,11151.00,11160.00,1787,4932367,54999902503.00,10901.00,11163.00,10632.00,11163.00
25180702353416009,20200114,11038.00,11090.00,1634,3434548,37912186557.00,10720.00,11299.00,11151.00,11299.00
25180702353416009,20200115,10989.00,11093.00,1565,2245215,24672335329.00,10616.00,11288.00,11038.00,10941.00
25180702353416009,20200118,11418.00,11390.00,1878,3747259,42785934062.00,11110.00,11536.00,10989.00,11150.00
25180702353416009,20200119,11385.00,11336.00,1707,2613380,29754623445.00,11009.00,11630.00,11418.00,11445.00
25180702353416009,20200120,11447.00,11544.00,1813,3125095,35773607556.00,11120.00,11650.00,11385.00,11330.00
25180702353416009,20200121,12014.00,12019.00,1302,5594943,67215052818.00,11707.00,12019.00,11447.00,11707.00
25180702353416009,20200122,12210.00,12220.00,1960,4274509,52193263203.00,12010.00,12489.00,12014.00,12489.00
25180702353416009,20200125,12211.00,12349.00,2636,5458695,66657712530.00,11832.00,12463.00,12210.00,12463.00
25180702353416009,20200126,12404.00,12250.00,1909,3909715,48496977739.00,12016.00,12680.00,12211.00,12560.00
25180702353416009,20200127,12159.00,12085.00,1389,2675639,32533153270.00,11900.00,12420.00,12404.00,12420.00
25180702353416009,20200128,12079.00,12050.00,1705,2824801,34121530378.00,12002.00,12160.00,12159.00,12150.00
25180702353416009,20200201,12247.00,12223.00,1924,3958687,48482665214.00,12000.00,12400.00,12079.00,12400.00
25180702353416009,20200202,12610.00,12810.00,1999,3699749,46655016554.00,12100.00,12810.00,12247.00,12345.00
25180702353416009,20200203,13238.00,13240.00,815,4091321,54159252113.00,13200.00,13240.00,12610.00,13219.00
25180702353416009,20200204,13774.00,13899.00,2880,8055723,110958277601.00,13340.00,13899.00,13238.00,13899.00
25180702353416009,20200205,13990.00,13997.00,1759,3015642,42187667460.00,13344.00,14200.00,13774.00,14100.00
25180702353416009,20200208,13440.00,13301.00,2301,4658977,62617669343.00,13291.00,14100.00,13990.00,14100.00
25180702353416009,20200209,13442.00,13402.00,2010,3782377,50842521596.00,13000.00,13905.00,13440.00,13500.00
25180702353416009,20200210,12917.00,12960.00,1840,4545166,58709599691.00,12770.00,13590.00,13442.00,13202.00
25180702353416009,20200212,13419.00,13420.00,1496,3837843,51501044224.00,13000.00,13560.00,12917.00,13399.00
25180702353416009,20200215,13352.00,13164.00,1602,3213189,42903666477.00,13050.00,13699.00,13419.00,13699.00
25180702353416009,20200216,13229.00,13395.00,1757,3175511,42009660396.00,13016.00,13475.00,13352.00,13475.00
25180702353416009,20200217,12878.00,12770.00,2146,4679161,60256465028.00,12571.00,13375.00,13229.00,13300.00
25180702353416009,20200218,12490.00,12534.00,1833,2703009,33760279558.00,12236.00,13145.00,12878.00,13145.00
25180702353416009,20200219,12633.00,12570.00,1764,2837022,35839483535.00,12500.00,12869.00,12490.00,12800.00
25180702353416009,20200222,12451.00,12500.00,2030,3574499,44506358219.00,12002.00,12799.00,12633.00,12002.00
25180702353416009,20200223,13037.00,13073.00,2282,5192490,67692797761.00,12580.00,13073.00,12451.00,12580.00
25180702353416009,20200224,13356.00,13688.00,2445,5408367,72234279032.00,12801.00,13688.00,13037.00,13400.00
25180702353416009,20200225,13991.00,14023.00,2370,6187565,86567500012.00,13617.00,14023.00,13356.00,14000.00
25180702353416009,20200226,13882.00,13699.00,2327,4579495,63570582610.00,13321.00,14390.00,13991.00,14390.00
25180702353416009,20200229,13205.00,13188.00,1807,5220119,68929539784.00,13188.00,13424.00,13882.00,13188.00
25180702353416009,20200301,13501.00,13540.00,1467,3694405,49879412275.00,13000.00,13800.00,13205.00,13000.00
25180702353416009,20200302,13548.00,13630.00,2140,4496106,60915044662.00,13350.00,13955.00,13501.00,13955.00
25180702353416009,20200303,14082.00,14225.00,2437,8253056,116216877310.00,13555.00,14225.00,13548.00,13821.00
25180702353416009,20200304,14716.00,14786.00,1577,5212354,76703589781.00,14420.00,14786.00,14082.00,14700.00
25180702353416009,20200307,14701.00,14350.00,2535,5580016,82034291714.00,14000.00,15388.00,14716.00,14800.00
25180702353416009,20200309,14111.00,13966.00,1084,2784619,38932040565.00,13966.00,14129.00,14701.00,14125.00
25180702353416009,20200310,13549.00,13406.00,1496,5279060,71525684572.00,13406.00,14000.00,14111.00,13406.00
25180702353416009,20200311,13661.00,13428.00,1663,2810127,38455332703.00,13250.00,13950.00,13549.00,13900.00
25180702353416009,20200314,13414.00,12978.00,694,1521684,19883559835.00,12978.00,13727.00,13661.00,13727.00
25180702353416009,20200315,12944.00,12744.00,691,2595381,33094724826.00,12744.00,13090.00,13414.00,12744.00
25180702353416009,20200316,12877.00,13078.00,1361,2449406,31459699135.00,12523.00,13490.00,12944.00,13490.00
25180702353416009,20200317,12809.00,12965.00,1114,2815243,36004430453.00,12300.00,13078.00,12877.00,12718.00
25180702353416009,20200318,13372.00,13449.00,1840,5164949,69066578322.00,12710.00,13449.00,12809.00,13000.00
25180702353416009,20200324,13933.00,14040.00,1216,3349105,46882569763.00,13630.00,14040.00,13372.00,14040.00
25180702353416009,20200325,14319.00,14629.00,595,2075471,30362065259.00,14629.00,14629.00,13933.00,14629.00
25180702353416009,20200328,14838.00,15034.00,449,2535720,38122014480.00,15034.00,15034.00,14319.00,15034.00
25180702353416009,20200329,15454.00,15579.00,1756,6891627,106501532022.00,14555.00,15579.00,14838.00,15579.00
25180702353416009,20200330,16148.00,16226.00,1434,6163626,99532008872.00,15500.00,16226.00,15454.00,15800.00
25180702353416009,20200404,16187.00,16955.00,69,149232,2530228560.00,16955.00,16955.00,16148.00,16955.00
25180702353416009,20200405,17839.00,17845.00,351,3220413,57448485738.00,16996.00,17845.00,16187.00,16996.00
25180702353416009,20200406,18713.00,18730.00,2405,14185165,265447696919.00,17901.00,18730.00,17839.00,18730.00
25180702353416009,20200407,19447.00,19648.00,382,2431636,47776784128.00,19648.00,19648.00,18713.00,19648.00
25180702353416009,20200408,20316.00,20419.00,493,2766805,56495391295.00,20419.00,20419.00,19447.00,20419.00
25180702353416009,20200411,20655.00,21331.00,5777,17314440,357624003858.00,19301.00,21331.00,20316.00,20000.00
25180702353416009,20200412,21574.00,21687.00,1063,3509166,75708179317.00,20950.00,21687.00,20655.00,21686.00
25180702353416009,20200413,22562.00,22652.00,2730,10775043,243109371939.00,21700.00,22652.00,21574.00,22300.00
25180702353416009,20200414,21973.00,21434.00,3689,9686692,212845461875.00,21434.00,23250.00,22562.00,22000.00
25180702353416009,20200415,22657.00,23071.00,2588,7874650,178418041270.00,21502.00,23071.00,21973.00,21502.00
25180702353416009,20200418,23405.00,23789.00,480,1457975,34683767275.00,23789.00,23789.00,22657.00,23789.00
25180702353416009,20200419,24325.00,23750.00,2430,9639091,234470803056.00,22237.00,24575.00,23405.00,24575.00
25180702353416009,20200420,25203.00,25410.00,2260,5457409,137542454385.00,23501.00,25541.00,24325.00,24575.00
25180702353416009,20200421,24249.00,23943.00,3714,11189415,271327485746.00,23943.00,25999.00,25203.00,25999.00
25180702353416009,20200422,25024.00,25461.00,2036,6402453,160212465738.00,23300.00,25461.00,24249.00,24000.00
25180702353416009,20200425,26248.00,26275.00,1181,1975498,51881336819.00,26000.00,26275.00,25024.00,26275.00
25180702353416009,20200426,27419.00,26500.00,899,2184768,59904199981.00,26264.00,27560.00,26248.00,27560.00
25180702353416009,20200427,27419.00,26500.00,0,0,0.00,0.00,0.00,27419.00,0.00
25180702353416009,20200428,29265.00,29281.00,1463,4081571,119448074941.00,28789.00,30100.00,27419.00,28789.00
25180702353416009,20200429,29710.00,30728.00,4247,11492415,341436418190.00,27901.00,30728.00,29265.00,29988.00
25180702353416009,20200502,31167.00,31195.00,1250,3780085,117815685307.00,30728.00,31195.00,29710.00,31180.00
25180702353416009,20200503,32725.00,32725.00,1415,3509468,114846760219.00,32704.00,32725.00,31167.00,32725.00
25180702353416009,20200504,32812.00,33155.00,2765,10274813,337137279664.00,31089.00,34348.00,32725.00,33500.00
25180702353416009,20200505,32211.00,31172.00,1980,5143389,165672714091.00,31172.00,34392.00,32812.00,34392.00
25180702353416009,20200506,31281.00,30601.00,1969,6450043,201765115660.00,30601.00,33300.00,32211.00,30601.00
25180702353416009,20200509,31560.00,30700.00,2840,5122100,161652795810.00,30000.00,32645.00,31281.00,32490.00
25180702353416009,20200510,30642.00,29982.00,3226,7111471,217912436923.00,29982.00,32650.00,31560.00,32650.00
25180702353416009,20200511,29265.00,29110.00,853,1603969,46939941794.00,29110.00,30000.00,30642.00,29600.00
25180702353416009,20200512,28085.00,27802.00,678,1941422,54525759129.00,27802.00,29558.00,29265.00,28100.00
25180702353416009,20200513,28155.00,27980.00,2332,7519830,211722337028.00,26681.00,29489.00,28085.00,26681.00
25180702353416009,20200516,29505.00,29562.00,1994,7148111,210902642229.00,28500.00,29562.00,28155.00,29460.00
25180702353416009,20200517,30980.00,30980.00,867,5684223,176097228540.00,30980.00,30980.00,29505.00,30980.00
25180702353416009,20200518,32529.00,32529.00,272,2227069,72444327501.00,32529.00,32529.00,30980.00,32529.00
25180702353416009,20200519,34155.00,34155.00,295,2155022,73604776410.00,34155.00,34155.00,32529.00,34155.00
25180702353416009,20200520,35862.00,35862.00,470,1820242,65277518604.00,35862.00,35862.00,34155.00,35862.00
25180702353416009,20200523,37655.00,37655.00,531,4369164,164520870420.00,37655.00,37655.00,35862.00,37655.00
25180702353416009,20200526,37716.00,35773.00,2672,10001972,377232695581.00,35773.00,39537.00,37655.00,39537.00
25180702353416009,20200527,36452.00,35831.00,2911,8474179,308897855061.00,35831.00,38789.00,37716.00,35831.00
25180702353416009,20200530,38122.00,37799.00,2110,9317520,355199920660.00,36504.00,38274.00,36452.00,36999.00
25180702353416009,20200531,36656.00,36216.00,938,1733264,63535211120.00,36216.00,37980.00,38122.00,37980.00
25180702353416009,20200601,37885.00,38488.00,2799,10856664,411303645773.00,35010.00,38488.00,36656.00,35050.00
25180702353416009,20200602,39779.00,39779.00,353,1669500,66411040500.00,39779.00,39779.00,37885.00,39779.00
25180702353416009,20200606,41767.00,41767.00,294,1894912,79144789504.00,41767.00,41767.00,39779.00,41767.00
25180702353416009,20200607,42711.00,43855.00,45,568572,24934725060.00,43855.00,43855.00,41767.00,43855.00
25180702353416009,20200608,42711.00,43855.00,0,0,0.00,0.00,0.00,42711.00,0.00
25180702353416009,20200609,44846.00,44846.00,186,1544253,69253570038.00,44846.00,44846.00,42711.00,0.00
25180702353416009,20200610,46960.00,47088.00,191,1185453,55820610864.00,47088.00,47088.00,44846.00,47088.00
25180702353416009,20200613,49308.00,49308.00,218,1531077,75494344716.00,49308.00,49308.00,46960.00,49308.00
25180702353416009,20200614,51773.00,51773.00,257,1993640,103216723720.00,51773.00,51773.00,49308.00,51773.00
25180702353416009,20200615,54361.00,54361.00,207,1581851,85991002211.00,54361.00,54361.00,51773.00,54361.00
25180702353416009,20200616,57041.00,57079.00,8540,35102744,2002297826669.00,54500.00,57079.00,54361.00,57079.00
25180702353416009,20200620,54915.00,54189.00,8441,18513024,1016649146823.00,54189.00,58274.00,57041.00,57041.00
25180702353416009,20200621,56376.00,57640.00,4814,11036205,622173323356.00,53000.00,57660.00,54915.00,54000.00
25180702353416009,20200622,58276.00,59194.00,4175,7314411,426255657135.00,56500.00,59194.00,56376.00,59050.00
25180702353416009,20200623,58087.00,55363.00,5162,7609385,442003594697.00,55363.00,60950.00,58276.00,60950.00
25180702353416009,20200624,55433.00,55183.00,3006,5948705,329757069649.00,55183.00,57000.00,58087.00,55183.00
25180702353416009,20200627,57736.00,57000.00,3995,9275684,535542769458.00,55600.00,58204.00,55433.00,56101.00
25180702353416009,20200628,55368.00,54850.00,2615,5808666,321616989014.00,54850.00,58500.00,57736.00,58000.00
25180702353416009,20200629,53264.00,52901.00,2232,4222479,224906247935.00,51291.00,55000.00,55368.00,53990.00
25180702353416009,20200630,55210.00,54400.00,5490,10440808,576441852121.00,53500.00,55927.00,53264.00,53500.00
25180702353416009,20200701,54175.00,53470.00,4437,6212862,336582385728.00,52460.00,57300.00,55210.00,56600.00
25180702353416009,20200704,51826.00,51467.00,2534,2876824,149093094167.00,51467.00,54500.00,54175.00,54500.00
25180702353416009,20200705,50928.00,53469.00,5607,15076643,767820403429.00,49235.00,53500.00,51826.00,49235.00
25180702353416009,20200706,53474.00,53474.00,347,978334,52315432316.00,53474.00,53474.00,50928.00,53474.00
25180702353416009,20200707,56147.00,56147.00,498,1699176,95403634872.00,56147.00,56147.00,53474.00,56147.00
25180702353416009,20200708,58954.00,58954.00,836,3224850,190117806900.00,58954.00,58954.00,56147.00,58954.00
25180702353416009,20200711,61901.00,61901.00,653,2950592,182644595392.00,61901.00,61901.00,58954.00,61901.00
25180702353416009,20200712,64996.00,64996.00,283,1444740,93902321040.00,64996.00,64996.00,61901.00,64996.00
25180702353416009,20200713,67423.00,66000.00,10426,26271072,1771265870439.00,62050.00,68245.00,64996.00,68240.00
25180702353416009,20200714,64414.00,64052.00,2942,3630413,233849425597.00,64052.00,66500.00,67423.00,66500.00
25180702353416009,20200715,64414.00,64052.00,0,0,0.00,0.00,0.00,64414.00,0.00
25180702353416009,20200718,64414.00,64052.00,0,0,0.00,0.00,0.00,64414.00,0.00
25180702353416009,20200719,65358.00,63650.00,912,2118627,138469508295.00,63650.00,68000.00,64044.00,67000.00
25180702353416009,20200720,63445.00,62091.00,5625,12435173,788954747909.00,62091.00,66850.00,65358.00,62091.00
25180702353416009,20200721,60375.00,60273.00,1494,2819262,170212264729.00,60273.00,62981.00,63445.00,60275.00
25180702353416009,20200722,57357.00,57357.00,489,915801,52527597957.00,57357.00,57357.00,60375.00,57357.00
25180702353416009,20200725,55793.00,54490.00,5643,12638710,705157788099.00,54490.00,59500.00,57357.00,55500.00
25180702353416009,20200726,53555.00,53004.00,2672,5432834,290952725173.00,53004.00,57800.00,55793.00,54060.00
25180702353416009,20200727,52764.00,53000.00,4876,10683665,563714379961.00,50878.00,56013.00,53555.00,53700.00
25180702353416009,20200728,55402.00,55402.00,773,1284964,71189575528.00,55402.00,55402.00,52764.00,55402.00
25180702353416009,20200729,58172.00,58172.00,754,2118872,123259021984.00,58172.00,58172.00,55402.00,58172.00
25180702353416009,20200801,60792.00,61080.00,3136,11770439,715544872996.00,58582.00,61080.00,58172.00,61080.00
25180702353416009,20200802,63726.00,63831.00,1927,5064682,322751681502.00,61000.00,63831.00,60792.00,63831.00
25180702353416009,20200803,66912.00,66912.00,1058,3819954,255600762048.00,66912.00,66912.00,63726.00,66912.00
25180702353416009,20200804,70257.00,70257.00,1959,6919180,486120829260.00,70257.00,70257.00,66912.00,70257.00
25180702353416009,20200805,73769.00,73769.00,1013,3454646,254845780774.00,73769.00,73769.00,70257.00,73769.00
25180702353416009,20200809,77457.00,77457.00,1355,2882180,223245016260.00,77457.00,77457.00,73769.00,77457.00
25180702353416009,20200810,74161.00,73585.00,6303,18153240,1346267398879.00,73585.00,77457.00,77457.00,77000.00
25180702353416009,20200811,76557.00,77869.00,6625,20560492,1574049083443.00,71000.00,77869.00,74161.00,72210.00
25180702353416009,20200812,79992.00,80384.00,5977,16054739,1284250294580.00,76000.00,80384.00,76557.00,80384.00
25180702353416009,20200815,78051.00,76898.00,4733,11538546,900598671218.00,75993.00,83991.00,79992.00,83991.00
25180702353416009,20200816,74442.00,74149.00,1429,2573550,191580109358.00,74149.00,77500.00,78051.00,77000.00
25180702353416009,20200817,74611.00,78164.00,3587,9288525,693030797143.00,70720.00,78164.00,74442.00,71020.00
25180702353416009,20200818,75181.00,70881.00,6260,17257977,1297464822081.00,70881.00,78341.00,74611.00,78341.00
25180702353416009,20200819,73947.00,71422.00,213,205241,14658722702.00,71422.00,71422.00,75181.00,71422.00
25180702353416009,20200822,72556.00,70250.00,209,254364,17869071000.00,70250.00,70250.00,73947.00,70250.00
25180702353416009,20200823,69648.00,68929.00,86,542200,37373303800.00,68929.00,68929.00,72556.00,68929.00
25180702353416009,20200824,69437.00,66166.00,67,40967,2710622522.00,66166.00,66166.00,69648.00,66166.00
25180702353416009,20200825,65966.00,65966.00,416,686369,45277017454.00,65966.00,65966.00,69437.00,65966.00
25180702353416009,20200826,63495.00,62668.00,5660,13627992,865311126802.00,62668.00,67000.00,65966.00,62668.00
25180702353416009,20200831,61645.00,60321.00,1100,2242019,138209528290.00,60321.00,65000.00,63495.00,65000.00
25180702353416009,20200901,61427.00,58563.00,94,55788,3267112644.00,58563.00,58563.00,61645.00,58563.00
25180702353416009,20200902,61346.00,58356.00,42,20716,1208902896.00,58356.00,58356.00,61427.00,58356.00
25180702353416009,20200905,59236.00,58279.00,109,560651,32674179629.00,58279.00,58279.00,61346.00,58279.00
25180702353416009,20200906,56275.00,56275.00,207,1082818,60935582950.00,56275.00,56275.00,59236.00,56275.00
25180702353416009,20200907,56250.00,53462.00,23,7367,393854554.00,53462.00,53462.00,56275.00,53462.00
25180702353416009,20200908,56194.00,53438.00,27,16273,869596574.00,53438.00,53438.00,56250.00,53438.00
25180702353416009,20200909,55933.00,53385.00,86,75636,4037827860.00,53385.00,53385.00,56194.00,53385.00
25180702353416009,20200912,55627.00,53137.00,110,97893,5201740341.00,53137.00,53137.00,55933.00,53137.00
25180702353416009,20200913,55485.00,52846.00,32,45641,2411944286.00,52846.00,52846.00,55627.00,52846.00
25180702353416009,20200914,55281.00,52711.00,73,65892,3473233212.00,52711.00,52711.00,55485.00,52711.00
25180702353416009,20200915,52517.00,52517.00,488,1011081,53098940877.00,52517.00,52517.00,55281.00,52517.00
25180702353416009,20200916,52517.00,52517.00,0,0,0.00,0.00,0.00,52517.00,0.00
25180702353416009,20200919,52517.00,52517.00,0,0,0.00,0.00,0.00,52517.00,0.00
25180702353416009,20200920,52470.00,49892.00,19,17194,857843048.00,49892.00,49892.00,52517.00,49892.00
25180702353416009,20200921,51025.00,49847.00,39,524408,26140165576.00,49847.00,49847.00,52470.00,49847.00
25180702353416009,20200922,49357.00,48474.00,44,622415,30170944710.00,48474.00,48474.00,51025.00,48474.00
25180702353416009,20200923,48702.00,46890.00,51,252655,11846992950.00,46890.00,46890.00,49357.00,46890.00
25180702353416009,20200926,48678.00,46267.00,22,10288,475994896.00,46267.00,46267.00,48702.00,46267.00
25180702353416009,20200927,48676.00,46245.00,6,959,44348955.00,46245.00,46245.00,48678.00,46245.00
25180702353416009,20200928,48665.00,46243.00,9,4641,214613763.00,46243.00,46243.00,48676.00,46243.00
25180702353416009,20200929,48657.00,46232.00,10,3233,149468056.00,46232.00,46232.00,48665.00,46232.00
25180702353416009,20200930,48641.00,46225.00,10,6913,319553425.00,46225.00,46225.00,48657.00,46225.00
25180702353416009,20201003,48461.00,46209.00,58,76158,3519185022.00,46209.00,46209.00,48641.00,46209.00
25180702353416009,20201004,48433.00,46038.00,23,12015,553146570.00,46038.00,46038.00,48461.00,46038.00
25180702353416009,20201005,48409.00,46012.00,12,10375,477374500.00,46012.00,46012.00,48433.00,46012.00
25180702353416009,20201006,46002.00,46300.00,441,2036472,93681649211.00,45989.00,46301.00,48409.00,45989.00
25180702353416009,20201007,43991.00,43702.00,931,1694239,74531237848.00,43702.00,46002.00,46002.00,43900.00
25180702353416009,20201010,42476.00,41792.00,154,783291,32735297472.00,41792.00,41792.00,43991.00,41792.00
25180702353416009,20201011,42260.00,40390.00,8005,20017888,845953693696.00,40353.00,44580.00,42476.00,40353.00
25180702353416009,20201012,40711.00,40147.00,2020,3982737,162141744228.00,40147.00,42500.00,42260.00,40290.00
25180702353416009,20201013,39023.00,38676.00,569,1349137,52647128728.00,38676.00,40416.00,40711.00,39000.00
25180702353416009,20201014,38158.00,37072.00,113,503886,18680061792.00,37072.00,37072.00,39023.00,37072.00
25180702353416009,20201018,38073.00,36251.00,48,58574,2123366074.00,36251.00,36251.00,38158.00,36251.00
25180702353416009,20201019,38064.00,36170.00,11,6211,224651870.00,36170.00,36170.00,38073.00,36170.00
25180702353416009,20201020,38008.00,36161.00,21,38522,1392994042.00,36161.00,36161.00,38064.00,36161.00
25180702353416009,20201021,37977.00,36108.00,38,21536,777621888.00,36108.00,36108.00,38008.00,36108.00
25180702353416009,20201024,37945.00,36079.00,10,22082,796696478.00,36079.00,36079.00,37977.00,36079.00
25180702353416009,20201026,37936.00,36048.00,12,6347,228796656.00,36048.00,36048.00,37945.00,36048.00
25180702353416009,20201027,37906.00,36040.00,14,21154,762390160.00,36040.00,36040.00,37936.00,36040.00
25180702353416009,20201028,37886.00,36011.00,27,13560,488309160.00,36011.00,36011.00,37906.00,36011.00
