40124428756742341,20180210,729000.00,729000.00,0,0,0.00,0.00,0.00,729000.00,0.00
40124428756742341,20180212,729000.00,729000.00,0,0,0.00,0.00,0.00,729000.00,0.00
40124428756742341,20180213,729000.00,729000.00,0,0,0.00,0.00,0.00,729000.00,0.00
40124428756742341,20180214,729000.00,729000.00,0,0,0.00,0.00,0.00,729000.00,0.00
40124428756742341,20180217,729000.00,729000.00,0,0,0.00,0.00,0.00,729000.00,0.00
40124428756742341,20180218,729000.00,729000.00,0,0,0.00,0.00,0.00,729000.00,0.00
40124428756742341,20180219,729000.00,729000.00,0,0,0.00,0.00,0.00,729000.00,0.00
40124428756742341,20180221,729000.00,729000.00,0,0,0.00,0.00,0.00,729000.00,0.00
40124428756742341,20180224,729000.00,729000.00,0,0,0.00,0.00,0.00,729000.00,0.00
40124428756742341,20180225,729000.00,729000.00,0,0,0.00,0.00,0.00,729000.00,0.00
40124428756742341,20180226,729000.00,729000.00,0,0,0.00,0.00,0.00,729000.00,0.00
40124428756742341,20180227,729000.00,729000.00,0,0,0.00,0.00,0.00,729000.00,0.00
40124428756742341,20180228,729000.00,729000.00,0,0,0.00,0.00,0.00,729000.00,0.00
40124428756742341,20180303,729000.00,729000.00,0,0,0.00,0.00,0.00,729000.00,0.00
40124428756742341,20180304,729000.00,729000.00,0,0,0.00,0.00,0.00,729000.00,0.00
40124428756742341,20180305,729000.00,729000.00,0,0,0.00,0.00,0.00,729000.00,0.00
40124428756742341,20180306,729000.00,729000.00,0,0,0.00,0.00,0.00,729000.00,0.00
40124428756742341,20180307,729000.00,729000.00,0,0,0.00,0.00,0.00,729000.00,0.00
40124428756742341,20180310,729000.00,729000.00,0,0,0.00,0.00,0.00,729000.00,0.00
40124428756742341,20180311,729000.00,729000.00,0,0,0.00,0.00,0.00,729000.00,0.00
40124428756742341,20180312,729000.00,729000.00,0,0,0.00,0.00,0.00,729000.00,0.00
40124428756742341,20180313,729000.00,729000.00,0,0,0.00,0.00,0.00,729000.00,0.00
40124428756742341,20180314,729000.00,729000.00,0,0,0.00,0.00,0.00,729000.00,0.00
40124428756742341,20180317,729000.00,729000.00,0,0,0.00,0.00,0.00,729000.00,0.00
40124428756742341,20180318,729000.00,729000.00,0,0,0.00,0.00,0.00,729000.00,0.00
40124428756742341,20180319,729000.00,729000.00,0,0,0.00,0.00,0.00,729000.00,0.00
40124428756742341,20180325,729000.00,729000.00,0,0,0.00,0.00,0.00,729000.00,0.00
40124428756742341,20180326,729000.00,729000.00,0,0,0.00,0.00,0.00,729000.00,0.00
40124428756742341,20180327,729000.00,729000.00,0,0,0.00,0.00,0.00,729000.00,0.00
40124428756742341,20180328,729000.00,729000.00,0,0,0.00,0.00,0.00,729000.00,0.00
40124428756742341,20180403,729000.00,729000.00,0,0,0.00,0.00,0.00,729000.00,0.00
40124428756742341,20180404,729000.00,729000.00,0,0,0.00,0.00,0.00,729000.00,0.00
40124428756742341,20180407,729000.00,729000.00,0,0,0.00,0.00,0.00,729000.00,0.00
40124428756742341,20180408,729000.00,729000.00,0,0,0.00,0.00,0.00,729000.00,0.00
40124428756742341,20180409,729000.00,729000.00,0,0,0.00,0.00,0.00,729000.00,0.00
40124428756742341,20180410,729000.00,729000.00,0,0,0.00,0.00,0.00,729000.00,0.00
40124428756742341,20180411,729000.00,729000.00,0,0,0.00,0.00,0.00,729000.00,0.00
40124428756742341,20180415,729000.00,729000.00,0,0,0.00,0.00,0.00,729000.00,0.00
40124428756742341,20180416,729000.00,729000.00,0,0,0.00,0.00,0.00,729000.00,0.00
40124428756742341,20180417,729000.00,729000.00,0,0,0.00,0.00,0.00,729000.00,0.00
40124428756742341,20180418,729000.00,729000.00,0,0,0.00,0.00,0.00,729000.00,0.00
40124428756742341,20180421,729000.00,729000.00,0,0,0.00,0.00,0.00,729000.00,0.00
40124428756742341,20180422,729000.00,729000.00,0,0,0.00,0.00,0.00,729000.00,0.00
40124428756742341,20180423,729000.00,729000.00,0,0,0.00,0.00,0.00,729000.00,0.00
40124428756742341,20180424,729000.00,729000.00,0,0,0.00,0.00,0.00,729000.00,0.00
40124428756742341,20180425,729000.00,729000.00,0,0,0.00,0.00,0.00,729000.00,0.00
40124428756742341,20180428,729000.00,729000.00,0,0,0.00,0.00,0.00,729000.00,0.00
40124428756742341,20180429,729000.00,729000.00,0,0,0.00,0.00,0.00,729000.00,0.00
40124428756742341,20180430,729000.00,729000.00,0,0,0.00,0.00,0.00,729000.00,0.00
40124428756742341,20180501,729000.00,729000.00,0,0,0.00,0.00,0.00,729000.00,0.00
40124428756742341,20180505,729000.00,729000.00,0,0,0.00,0.00,0.00,729000.00,0.00
40124428756742341,20180506,729000.00,729000.00,0,0,0.00,0.00,0.00,729000.00,0.00
40124428756742341,20180507,729000.00,729000.00,0,0,0.00,0.00,0.00,729000.00,0.00
40124428756742341,20180508,729000.00,729000.00,0,0,0.00,0.00,0.00,729000.00,0.00
40124428756742341,20180509,660000.00,660000.00,0,0,0.00,0.00,0.00,729000.00,0.00
40124428756742341,20180512,660000.00,660000.00,0,0,0.00,0.00,0.00,660000.00,0.00
40124428756742341,20180513,660000.00,660000.00,0,0,0.00,0.00,0.00,660000.00,0.00
40124428756742341,20180514,660000.00,660000.00,0,0,0.00,0.00,0.00,660000.00,0.00
40124428756742341,20180515,660000.00,660000.00,2,13,8580000.00,660000.00,660000.00,660000.00,660000.00
40124428756742341,20180516,660000.00,660000.00,0,0,0.00,0.00,0.00,660000.00,0.00
40124428756742341,20180519,660000.00,660000.00,0,0,0.00,0.00,0.00,660000.00,0.00
40124428756742341,20180520,660000.00,660000.00,0,0,0.00,0.00,0.00,660000.00,0.00
40124428756742341,20180521,660000.00,660000.00,0,0,0.00,0.00,0.00,660000.00,0.00
40124428756742341,20180522,660000.00,660000.00,0,0,0.00,0.00,0.00,660000.00,0.00
40124428756742341,20180523,660000.00,660000.00,0,0,0.00,0.00,0.00,660000.00,0.00
40124428756742341,20180526,630000.00,630000.00,2,6,3780000.00,630000.00,630000.00,660000.00,630000.00
40124428756742341,20180527,630000.00,630000.00,0,0,0.00,0.00,0.00,630000.00,0.00
40124428756742341,20180528,630000.00,630000.00,0,0,0.00,0.00,0.00,630000.00,0.00
40124428756742341,20180529,630000.00,630000.00,0,0,0.00,0.00,0.00,630000.00,0.00
40124428756742341,20180530,630000.00,630000.00,0,0,0.00,0.00,0.00,630000.00,0.00
40124428756742341,20180602,630000.00,630000.00,0,0,0.00,0.00,0.00,630000.00,0.00
40124428756742341,20180603,630000.00,630000.00,0,0,0.00,0.00,0.00,630000.00,0.00
40124428756742341,20180609,630000.00,630000.00,0,0,0.00,0.00,0.00,630000.00,0.00
40124428756742341,20180610,630000.00,630000.00,0,0,0.00,0.00,0.00,630000.00,0.00
40124428756742341,20180611,630000.00,630000.00,0,0,0.00,0.00,0.00,630000.00,0.00
40124428756742341,20180612,630000.00,630000.00,0,0,0.00,0.00,0.00,630000.00,0.00
40124428756742341,20180613,630000.00,630000.00,0,0,0.00,0.00,0.00,630000.00,0.00
40124428756742341,20180617,630000.00,630000.00,0,0,0.00,0.00,0.00,630000.00,0.00
40124428756742341,20180618,630000.00,630000.00,0,0,0.00,0.00,0.00,630000.00,0.00
40124428756742341,20180619,630000.00,630000.00,0,0,0.00,0.00,0.00,630000.00,0.00
40124428756742341,20180620,630000.00,630000.00,0,0,0.00,0.00,0.00,630000.00,0.00
40124428756742341,20180623,630000.00,630000.00,0,0,0.00,0.00,0.00,630000.00,0.00
40124428756742341,20180624,630000.00,630000.00,0,0,0.00,0.00,0.00,630000.00,0.00
40124428756742341,20180625,630000.00,630000.00,0,0,0.00,0.00,0.00,630000.00,0.00
40124428756742341,20180626,630000.00,630000.00,0,0,0.00,0.00,0.00,630000.00,0.00
40124428756742341,20180627,630000.00,630000.00,0,0,0.00,0.00,0.00,630000.00,0.00
40124428756742341,20180630,630000.00,630000.00,0,0,0.00,0.00,0.00,630000.00,0.00
40124428756742341,20180701,630000.00,630000.00,0,0,0.00,0.00,0.00,630000.00,0.00
40124428756742341,20180702,630000.00,630000.00,0,0,0.00,0.00,0.00,630000.00,0.00
40124428756742341,20180703,630000.00,630000.00,0,0,0.00,0.00,0.00,630000.00,0.00
40124428756742341,20180704,630000.00,630000.00,0,0,0.00,0.00,0.00,630000.00,0.00
40124428756742341,20180707,630000.00,630000.00,0,0,0.00,0.00,0.00,630000.00,0.00
40124428756742341,20180708,630000.00,630000.00,0,0,0.00,0.00,0.00,630000.00,0.00
40124428756742341,20180710,630000.00,630000.00,0,0,0.00,0.00,0.00,630000.00,0.00
40124428756742341,20180711,630000.00,630000.00,0,0,0.00,0.00,0.00,630000.00,0.00
40124428756742341,20180714,630000.00,630000.00,0,0,0.00,0.00,0.00,630000.00,0.00
40124428756742341,20180715,598500.00,598500.00,1,1,598500.00,598500.00,598500.00,630000.00,598500.00
40124428756742341,20180716,569000.00,569000.00,1,1,569000.00,569000.00,569000.00,598500.00,569000.00
40124428756742341,20180717,569000.00,569000.00,0,0,0.00,0.00,0.00,569000.00,0.00
40124428756742341,20180718,569000.00,569000.00,0,0,0.00,0.00,0.00,569000.00,0.00
40124428756742341,20180721,597450.00,597450.00,1,1,597450.00,597450.00,597450.00,569000.00,597450.00
40124428756742341,20180722,625000.00,625000.00,1,1,625000.00,625000.00,625000.00,597450.00,625000.00
40124428756742341,20180723,625000.00,625000.00,0,0,0.00,0.00,0.00,625000.00,0.00
40124428756742341,20180724,625000.00,625000.00,0,0,0.00,0.00,0.00,625000.00,0.00
40124428756742341,20180725,625000.00,625000.00,0,0,0.00,0.00,0.00,625000.00,0.00
40124428756742341,20180726,625000.00,625000.00,0,0,0.00,0.00,0.00,625000.00,0.00
40124428756742341,20180727,625000.00,625000.00,0,0,0.00,0.00,0.00,625000.00,0.00
40124428756742341,20180728,625000.00,625000.00,0,0,0.00,0.00,0.00,625000.00,0.00
40124428756742341,20180729,625000.00,625000.00,0,0,0.00,0.00,0.00,625000.00,0.00
40124428756742341,20180730,625000.00,625000.00,0,0,0.00,0.00,0.00,625000.00,0.00
40124428756742341,20180731,625000.00,625000.00,0,0,0.00,0.00,0.00,625000.00,0.00
40124428756742341,20180801,625000.00,625000.00,0,0,0.00,0.00,0.00,625000.00,0.00
40124428756742341,20180804,625000.00,625000.00,1,4,2500000.00,625000.00,625000.00,625000.00,625000.00
40124428756742341,20180805,625000.00,625000.00,0,0,0.00,0.00,0.00,625000.00,0.00
40124428756742341,20180806,625000.00,625000.00,0,0,0.00,0.00,0.00,625000.00,0.00
40124428756742341,20180807,625000.00,625000.00,0,0,0.00,0.00,0.00,625000.00,0.00
40124428756742341,20180808,625000.00,625000.00,0,0,0.00,0.00,0.00,625000.00,0.00
40124428756742341,20180811,625000.00,625000.00,0,0,0.00,0.00,0.00,625000.00,0.00
40124428756742341,20180812,625000.00,625000.00,0,0,0.00,0.00,0.00,625000.00,0.00
40124428756742341,20180813,625000.00,625000.00,0,0,0.00,0.00,0.00,625000.00,0.00
40124428756742341,20180814,625000.00,625000.00,0,0,0.00,0.00,0.00,625000.00,0.00
40124428756742341,20180815,625000.00,625000.00,0,0,0.00,0.00,0.00,625000.00,0.00
40124428756742341,20180818,625000.00,625000.00,0,0,0.00,0.00,0.00,625000.00,0.00
40124428756742341,20180819,625000.00,625000.00,0,0,0.00,0.00,0.00,625000.00,0.00
40124428756742341,20180820,625000.00,625000.00,0,0,0.00,0.00,0.00,625000.00,0.00
40124428756742341,20180821,625000.00,625000.00,0,0,0.00,0.00,0.00,625000.00,0.00
40124428756742341,20180825,625000.00,625000.00,0,0,0.00,0.00,0.00,625000.00,0.00
40124428756742341,20180826,625000.00,625000.00,0,0,0.00,0.00,0.00,625000.00,0.00
40124428756742341,20180827,625000.00,625000.00,0,0,0.00,0.00,0.00,625000.00,0.00
40124428756742341,20180828,625000.00,625000.00,0,0,0.00,0.00,0.00,625000.00,0.00
40124428756742341,20180829,625000.00,625000.00,0,0,0.00,0.00,0.00,625000.00,0.00
40124428756742341,20180901,625000.00,625000.00,0,0,0.00,0.00,0.00,625000.00,0.00
40124428756742341,20180902,625000.00,625000.00,0,0,0.00,0.00,0.00,625000.00,0.00
40124428756742341,20180903,625000.00,625000.00,0,0,0.00,0.00,0.00,625000.00,0.00
40124428756742341,20180904,625000.00,625000.00,0,0,0.00,0.00,0.00,625000.00,0.00
40124428756742341,20180905,625000.00,625000.00,0,0,0.00,0.00,0.00,625000.00,0.00
40124428756742341,20180908,625000.00,625000.00,0,0,0.00,0.00,0.00,625000.00,0.00
40124428756742341,20180909,625000.00,625000.00,0,0,0.00,0.00,0.00,625000.00,0.00
40124428756742341,20180910,625000.00,625000.00,0,0,0.00,0.00,0.00,625000.00,0.00
40124428756742341,20180911,625000.00,625000.00,0,0,0.00,0.00,0.00,625000.00,0.00
40124428756742341,20180912,625000.00,625000.00,0,0,0.00,0.00,0.00,625000.00,0.00
40124428756742341,20180915,625000.00,625000.00,0,0,0.00,0.00,0.00,625000.00,0.00
40124428756742341,20180916,625000.00,625000.00,0,0,0.00,0.00,0.00,625000.00,0.00
40124428756742341,20180917,625000.00,625000.00,0,0,0.00,0.00,0.00,625000.00,0.00
40124428756742341,20180918,625000.00,625000.00,0,0,0.00,0.00,0.00,625000.00,0.00
40124428756742341,20180922,625000.00,625000.00,0,0,0.00,0.00,0.00,625000.00,0.00
40124428756742341,20180923,625000.00,625000.00,0,0,0.00,0.00,0.00,625000.00,0.00
40124428756742341,20180924,625000.00,625000.00,0,0,0.00,0.00,0.00,625000.00,0.00
40124428756742341,20180925,625000.00,625000.00,0,0,0.00,0.00,0.00,625000.00,0.00
40124428756742341,20180926,625000.00,625000.00,0,0,0.00,0.00,0.00,625000.00,0.00
40124428756742341,20180929,625000.00,625000.00,0,0,0.00,0.00,0.00,625000.00,0.00
40124428756742341,20180930,625000.00,625000.00,0,0,0.00,0.00,0.00,625000.00,0.00
40124428756742341,20181001,625000.00,625000.00,0,0,0.00,0.00,0.00,625000.00,0.00
40124428756742341,20181002,625000.00,625000.00,0,0,0.00,0.00,0.00,625000.00,0.00
40124428756742341,20181003,625000.00,625000.00,0,0,0.00,0.00,0.00,625000.00,0.00
40124428756742341,20181006,625000.00,625000.00,0,0,0.00,0.00,0.00,625000.00,0.00
40124428756742341,20181007,625000.00,625000.00,0,0,0.00,0.00,0.00,625000.00,0.00
40124428756742341,20181008,625000.00,625000.00,0,0,0.00,0.00,0.00,625000.00,0.00
40124428756742341,20181009,625000.00,625000.00,0,0,0.00,0.00,0.00,625000.00,0.00
40124428756742341,20181010,625000.00,625000.00,0,0,0.00,0.00,0.00,625000.00,0.00
40124428756742341,20181013,625000.00,625000.00,0,0,0.00,0.00,0.00,625000.00,0.00
40124428756742341,20181014,625000.00,625000.00,0,0,0.00,0.00,0.00,625000.00,0.00
40124428756742341,20181015,625000.00,625000.00,0,0,0.00,0.00,0.00,625000.00,0.00
40124428756742341,20181016,625000.00,625000.00,0,0,0.00,0.00,0.00,625000.00,0.00
40124428756742341,20181017,625000.00,625000.00,0,0,0.00,0.00,0.00,625000.00,0.00
40124428756742341,20181020,625000.00,625000.00,0,0,0.00,0.00,0.00,625000.00,0.00
40124428756742341,20181021,625000.00,625000.00,0,0,0.00,0.00,0.00,625000.00,0.00
40124428756742341,20181022,625000.00,625000.00,0,0,0.00,0.00,0.00,625000.00,0.00
40124428756742341,20181023,625000.00,625000.00,0,0,0.00,0.00,0.00,625000.00,0.00
40124428756742341,20181024,625000.00,625000.00,0,0,0.00,0.00,0.00,625000.00,0.00
40124428756742341,20181027,625000.00,625000.00,0,0,0.00,0.00,0.00,625000.00,0.00
40124428756742341,20181028,625000.00,625000.00,0,0,0.00,0.00,0.00,625000.00,0.00
40124428756742341,20181029,625000.00,625000.00,0,0,0.00,0.00,0.00,625000.00,0.00
40124428756742341,20181031,625000.00,625000.00,0,0,0.00,0.00,0.00,625000.00,0.00
40124428756742341,20181103,625000.00,625000.00,0,0,0.00,0.00,0.00,625000.00,0.00
40124428756742341,20181104,625000.00,625000.00,0,0,0.00,0.00,0.00,625000.00,0.00
40124428756742341,20181105,625000.00,625000.00,0,0,0.00,0.00,0.00,625000.00,0.00
40124428756742341,20181106,625000.00,625000.00,0,0,0.00,0.00,0.00,625000.00,0.00
40124428756742341,20181110,625000.00,625000.00,0,0,0.00,0.00,0.00,625000.00,0.00
40124428756742341,20181111,625000.00,625000.00,0,0,0.00,0.00,0.00,625000.00,0.00
40124428756742341,20181112,625000.00,625000.00,0,0,0.00,0.00,0.00,625000.00,0.00
40124428756742341,20181113,625000.00,625000.00,0,0,0.00,0.00,0.00,625000.00,0.00
40124428756742341,20181114,625000.00,625000.00,0,0,0.00,0.00,0.00,625000.00,0.00
40124428756742341,20181117,625000.00,625000.00,0,0,0.00,0.00,0.00,625000.00,0.00
40124428756742341,20181118,625000.00,625000.00,0,0,0.00,0.00,0.00,625000.00,0.00
40124428756742341,20181119,625000.00,625000.00,0,0,0.00,0.00,0.00,625000.00,0.00
40124428756742341,20181120,625000.00,625000.00,0,0,0.00,0.00,0.00,625000.00,0.00
40124428756742341,20181121,625000.00,625000.00,0,0,0.00,0.00,0.00,625000.00,0.00
40124428756742341,20181124,625000.00,625000.00,0,0,0.00,0.00,0.00,625000.00,0.00
40124428756742341,20181126,625000.00,625000.00,0,0,0.00,0.00,0.00,625000.00,0.00
40124428756742341,20181127,625000.00,625000.00,0,0,0.00,0.00,0.00,625000.00,0.00
40124428756742341,20181128,625000.00,625000.00,0,0,0.00,0.00,0.00,625000.00,0.00
40124428756742341,20181201,625000.00,625000.00,0,0,0.00,0.00,0.00,625000.00,0.00
40124428756742341,20181202,625000.00,625000.00,0,0,0.00,0.00,0.00,625000.00,0.00
40124428756742341,20181203,625000.00,625000.00,0,0,0.00,0.00,0.00,625000.00,0.00
40124428756742341,20181204,625000.00,625000.00,0,0,0.00,0.00,0.00,625000.00,0.00
40124428756742341,20181205,625000.00,625000.00,0,0,0.00,0.00,0.00,625000.00,0.00
40124428756742341,20181208,625000.00,625000.00,0,0,0.00,0.00,0.00,625000.00,0.00
40124428756742341,20181209,625000.00,625000.00,0,0,0.00,0.00,0.00,625000.00,0.00
40124428756742341,20181210,625000.00,625000.00,0,0,0.00,0.00,0.00,625000.00,0.00
40124428756742341,20181211,625000.00,625000.00,0,0,0.00,0.00,0.00,625000.00,0.00
40124428756742341,20181212,625000.00,625000.00,0,0,0.00,0.00,0.00,625000.00,0.00
40124428756742341,20181215,625000.00,625000.00,0,0,0.00,0.00,0.00,625000.00,0.00
40124428756742341,20181216,625000.00,625000.00,0,0,0.00,0.00,0.00,625000.00,0.00
40124428756742341,20181217,625000.00,625000.00,0,0,0.00,0.00,0.00,625000.00,0.00
40124428756742341,20181218,625000.00,625000.00,0,0,0.00,0.00,0.00,625000.00,0.00
40124428756742341,20181219,625000.00,625000.00,0,0,0.00,0.00,0.00,625000.00,0.00
40124428756742341,20181222,625000.00,625000.00,0,0,0.00,0.00,0.00,625000.00,0.00
40124428756742341,20181223,625000.00,625000.00,0,0,0.00,0.00,0.00,625000.00,0.00
40124428756742341,20181224,625000.00,625000.00,0,0,0.00,0.00,0.00,625000.00,0.00
40124428756742341,20181225,625000.00,625000.00,0,0,0.00,0.00,0.00,625000.00,0.00
40124428756742341,20181226,625000.00,625000.00,0,0,0.00,0.00,0.00,625000.00,0.00
40124428756742341,20181229,625000.00,625000.00,0,0,0.00,0.00,0.00,625000.00,0.00
40124428756742341,20181230,625000.00,625000.00,0,0,0.00,0.00,0.00,625000.00,0.00
40124428756742341,20181231,625000.00,625000.00,0,0,0.00,0.00,0.00,625000.00,0.00
40124428756742341,20190101,625000.00,625000.00,0,0,0.00,0.00,0.00,625000.00,0.00
40124428756742341,20190102,625000.00,625000.00,0,0,0.00,0.00,0.00,625000.00,0.00
40124428756742341,20190105,625000.00,625000.00,0,0,0.00,0.00,0.00,625000.00,0.00
40124428756742341,20190106,625000.00,625000.00,0,0,0.00,0.00,0.00,625000.00,0.00
40124428756742341,20190107,625000.00,625000.00,0,0,0.00,0.00,0.00,625000.00,0.00
40124428756742341,20190108,625000.00,625000.00,0,0,0.00,0.00,0.00,625000.00,0.00
40124428756742341,20190109,625000.00,625000.00,0,0,0.00,0.00,0.00,625000.00,0.00
40124428756742341,20190112,625000.00,625000.00,0,0,0.00,0.00,0.00,625000.00,0.00
40124428756742341,20190113,625000.00,625000.00,0,0,0.00,0.00,0.00,625000.00,0.00
40124428756742341,20190114,625000.00,625000.00,0,0,0.00,0.00,0.00,625000.00,0.00
40124428756742341,20190115,625000.00,625000.00,0,0,0.00,0.00,0.00,625000.00,0.00
40124428756742341,20190116,625000.00,625000.00,0,0,0.00,0.00,0.00,625000.00,0.00
40124428756742341,20190119,625000.00,625000.00,0,0,0.00,0.00,0.00,625000.00,0.00
40124428756742341,20190120,625000.00,625000.00,0,0,0.00,0.00,0.00,625000.00,0.00
40124428756742341,20190121,625000.00,625000.00,0,0,0.00,0.00,0.00,625000.00,0.00
40124428756742341,20190122,625000.00,625000.00,0,0,0.00,0.00,0.00,625000.00,0.00
40124428756742341,20190123,625000.00,625000.00,0,0,0.00,0.00,0.00,625000.00,0.00
40124428756742341,20190126,625000.00,625000.00,0,0,0.00,0.00,0.00,625000.00,0.00
40124428756742341,20190127,625000.00,625000.00,0,0,0.00,0.00,0.00,625000.00,0.00
40124428756742341,20190128,625000.00,625000.00,0,0,0.00,0.00,0.00,625000.00,0.00
40124428756742341,20190129,625000.00,625000.00,0,0,0.00,0.00,0.00,625000.00,0.00
40124428756742341,20190130,625000.00,625000.00,0,0,0.00,0.00,0.00,625000.00,0.00
40124428756742341,20190202,625000.00,625000.00,0,0,0.00,0.00,0.00,625000.00,0.00
40124428756742341,20190203,625000.00,625000.00,0,0,0.00,0.00,0.00,625000.00,0.00
40124428756742341,20190204,625000.00,625000.00,0,0,0.00,0.00,0.00,625000.00,0.00
40124428756742341,20190205,625000.00,625000.00,0,0,0.00,0.00,0.00,625000.00,0.00
40124428756742341,20190206,625000.00,625000.00,0,0,0.00,0.00,0.00,625000.00,0.00
40124428756742341,20190210,625000.00,625000.00,0,0,0.00,0.00,0.00,625000.00,0.00
40124428756742341,20190212,625000.00,625000.00,0,0,0.00,0.00,0.00,625000.00,0.00
40124428756742341,20190213,625000.00,625000.00,0,0,0.00,0.00,0.00,625000.00,0.00
40124428756742341,20190216,625000.00,625000.00,0,0,0.00,0.00,0.00,625000.00,0.00
40124428756742341,20190217,625000.00,625000.00,0,0,0.00,0.00,0.00,625000.00,0.00
40124428756742341,20190218,625000.00,625000.00,0,0,0.00,0.00,0.00,625000.00,0.00
40124428756742341,20190219,625000.00,625000.00,0,0,0.00,0.00,0.00,625000.00,0.00
40124428756742341,20190220,625000.00,625000.00,0,0,0.00,0.00,0.00,625000.00,0.00
40124428756742341,20190223,625000.00,625000.00,0,0,0.00,0.00,0.00,625000.00,0.00
40124428756742341,20190224,625000.00,625000.00,0,0,0.00,0.00,0.00,625000.00,0.00
40124428756742341,20190225,625000.00,625000.00,0,0,0.00,0.00,0.00,625000.00,0.00
40124428756742341,20190226,625000.00,625000.00,0,0,0.00,0.00,0.00,625000.00,0.00
40124428756742341,20190227,625000.00,625000.00,0,0,0.00,0.00,0.00,625000.00,0.00
40124428756742341,20190302,625000.00,625000.00,0,0,0.00,0.00,0.00,625000.00,0.00
40124428756742341,20190303,625000.00,625000.00,0,0,0.00,0.00,0.00,625000.00,0.00
40124428756742341,20190304,625000.00,625000.00,0,0,0.00,0.00,0.00,625000.00,0.00
40124428756742341,20190305,625000.00,625000.00,0,0,0.00,0.00,0.00,625000.00,0.00
40124428756742341,20190306,625000.00,625000.00,0,0,0.00,0.00,0.00,625000.00,0.00
40124428756742341,20190309,625000.00,625000.00,0,0,0.00,0.00,0.00,625000.00,0.00
40124428756742341,20190310,625000.00,625000.00,0,0,0.00,0.00,0.00,625000.00,0.00
40124428756742341,20190311,625000.00,625000.00,0,0,0.00,0.00,0.00,625000.00,0.00
40124428756742341,20190312,625000.00,625000.00,0,0,0.00,0.00,0.00,625000.00,0.00
40124428756742341,20190313,625000.00,625000.00,0,0,0.00,0.00,0.00,625000.00,0.00
40124428756742341,20190316,625000.00,625000.00,0,0,0.00,0.00,0.00,625000.00,0.00
40124428756742341,20190317,625000.00,625000.00,0,0,0.00,0.00,0.00,625000.00,0.00
40124428756742341,20190318,625000.00,625000.00,0,0,0.00,0.00,0.00,625000.00,0.00
40124428756742341,20190319,625000.00,625000.00,0,0,0.00,0.00,0.00,625000.00,0.00
40124428756742341,20190325,625000.00,625000.00,0,0,0.00,0.00,0.00,625000.00,0.00
40124428756742341,20190326,625000.00,625000.00,0,0,0.00,0.00,0.00,625000.00,0.00
40124428756742341,20190327,625000.00,625000.00,0,0,0.00,0.00,0.00,625000.00,0.00
40124428756742341,20190330,625000.00,625000.00,0,0,0.00,0.00,0.00,625000.00,0.00
40124428756742341,20190331,625000.00,625000.00,0,0,0.00,0.00,0.00,625000.00,0.00
40124428756742341,20190406,625000.00,625000.00,0,0,0.00,0.00,0.00,625000.00,0.00
40124428756742341,20190407,625000.00,625000.00,0,0,0.00,0.00,0.00,625000.00,0.00
40124428756742341,20190408,625000.00,625000.00,0,0,0.00,0.00,0.00,625000.00,0.00
40124428756742341,20190409,625000.00,625000.00,0,0,0.00,0.00,0.00,625000.00,0.00
40124428756742341,20190410,625000.00,625000.00,0,0,0.00,0.00,0.00,625000.00,0.00
40124428756742341,20190413,625000.00,625000.00,0,0,0.00,0.00,0.00,625000.00,0.00
40124428756742341,20190414,625000.00,625000.00,0,0,0.00,0.00,0.00,625000.00,0.00
40124428756742341,20190415,625000.00,625000.00,0,0,0.00,0.00,0.00,625000.00,0.00
40124428756742341,20190416,625000.00,625000.00,0,0,0.00,0.00,0.00,625000.00,0.00
40124428756742341,20190417,625000.00,625000.00,0,0,0.00,0.00,0.00,625000.00,0.00
40124428756742341,20190420,625000.00,625000.00,0,0,0.00,0.00,0.00,625000.00,0.00
40124428756742341,20190422,625000.00,625000.00,0,0,0.00,0.00,0.00,625000.00,0.00
40124428756742341,20190423,625000.00,625000.00,0,0,0.00,0.00,0.00,625000.00,0.00
40124428756742341,20190424,625000.00,625000.00,0,0,0.00,0.00,0.00,625000.00,0.00
40124428756742341,20190427,625000.00,625000.00,0,0,0.00,0.00,0.00,625000.00,0.00
40124428756742341,20190428,625000.00,625000.00,0,0,0.00,0.00,0.00,625000.00,0.00
40124428756742341,20190429,625000.00,625000.00,0,0,0.00,0.00,0.00,625000.00,0.00
40124428756742341,20190430,625000.00,625000.00,0,0,0.00,0.00,0.00,625000.00,0.00
40124428756742341,20190501,625000.00,625000.00,0,0,0.00,0.00,0.00,625000.00,0.00
40124428756742341,20190504,625000.00,625000.00,0,0,0.00,0.00,0.00,625000.00,0.00
40124428756742341,20190505,625000.00,625000.00,0,0,0.00,0.00,0.00,625000.00,0.00
40124428756742341,20190506,625000.00,625000.00,0,0,0.00,0.00,0.00,625000.00,0.00
40124428756742341,20190507,625000.00,625000.00,0,0,0.00,0.00,0.00,625000.00,0.00
40124428756742341,20190508,625000.00,625000.00,0,0,0.00,0.00,0.00,625000.00,0.00
40124428756742341,20190511,625000.00,625000.00,0,0,0.00,0.00,0.00,625000.00,0.00
40124428756742341,20190512,625000.00,625000.00,0,0,0.00,0.00,0.00,625000.00,0.00
40124428756742341,20190513,625000.00,625000.00,0,0,0.00,0.00,0.00,625000.00,0.00
40124428756742341,20190514,625000.00,625000.00,0,0,0.00,0.00,0.00,625000.00,0.00
40124428756742341,20190515,625000.00,625000.00,0,0,0.00,0.00,0.00,625000.00,0.00
40124428756742341,20190518,625000.00,625000.00,0,0,0.00,0.00,0.00,625000.00,0.00
40124428756742341,20190519,625000.00,625000.00,0,0,0.00,0.00,0.00,625000.00,0.00
40124428756742341,20190520,625000.00,625000.00,0,0,0.00,0.00,0.00,625000.00,0.00
40124428756742341,20190521,625000.00,625000.00,0,0,0.00,0.00,0.00,625000.00,0.00
40124428756742341,20190522,625000.00,625000.00,0,0,0.00,0.00,0.00,625000.00,0.00
40124428756742341,20190525,625000.00,625000.00,0,0,0.00,0.00,0.00,625000.00,0.00
40124428756742341,20190526,625000.00,625000.00,0,0,0.00,0.00,0.00,625000.00,0.00
40124428756742341,20190528,625000.00,625000.00,0,0,0.00,0.00,0.00,625000.00,0.00
40124428756742341,20190529,625000.00,625000.00,0,0,0.00,0.00,0.00,625000.00,0.00
40124428756742341,20190601,625000.00,625000.00,0,0,0.00,0.00,0.00,625000.00,0.00
40124428756742341,20190602,625000.00,625000.00,0,0,0.00,0.00,0.00,625000.00,0.00
40124428756742341,20190603,625000.00,625000.00,0,0,0.00,0.00,0.00,625000.00,0.00
40124428756742341,20190608,625000.00,625000.00,0,0,0.00,0.00,0.00,625000.00,0.00
40124428756742341,20190609,625000.00,625000.00,0,0,0.00,0.00,0.00,625000.00,0.00
40124428756742341,20190610,625000.00,625000.00,0,0,0.00,0.00,0.00,625000.00,0.00
40124428756742341,20190611,625000.00,625000.00,0,0,0.00,0.00,0.00,625000.00,0.00
40124428756742341,20190612,625000.00,625000.00,0,0,0.00,0.00,0.00,625000.00,0.00
40124428756742341,20190615,625000.00,625000.00,0,0,0.00,0.00,0.00,625000.00,0.00
40124428756742341,20190616,625000.00,625000.00,0,0,0.00,0.00,0.00,625000.00,0.00
40124428756742341,20190617,625000.00,625000.00,0,0,0.00,0.00,0.00,625000.00,0.00
40124428756742341,20190618,625000.00,625000.00,0,0,0.00,0.00,0.00,625000.00,0.00
40124428756742341,20190619,625000.00,625000.00,0,0,0.00,0.00,0.00,625000.00,0.00
40124428756742341,20190622,625000.00,625000.00,0,0,0.00,0.00,0.00,625000.00,0.00
40124428756742341,20190623,625000.00,625000.00,0,0,0.00,0.00,0.00,625000.00,0.00
40124428756742341,20190624,625000.00,625000.00,0,0,0.00,0.00,0.00,625000.00,0.00
40124428756742341,20190625,625000.00,625000.00,0,0,0.00,0.00,0.00,625000.00,0.00
40124428756742341,20190626,625000.00,625000.00,0,0,0.00,0.00,0.00,625000.00,0.00
40124428756742341,20190630,625000.00,625000.00,0,0,0.00,0.00,0.00,625000.00,0.00
40124428756742341,20190701,625000.00,625000.00,0,0,0.00,0.00,0.00,625000.00,0.00
40124428756742341,20190702,625000.00,625000.00,0,0,0.00,0.00,0.00,625000.00,0.00
40124428756742341,20190703,625000.00,625000.00,0,0,0.00,0.00,0.00,625000.00,0.00
40124428756742341,20190706,625000.00,625000.00,0,0,0.00,0.00,0.00,625000.00,0.00
40124428756742341,20190707,625000.00,625000.00,0,0,0.00,0.00,0.00,625000.00,0.00
40124428756742341,20190708,625000.00,625000.00,0,0,0.00,0.00,0.00,625000.00,0.00
40124428756742341,20190709,625000.00,625000.00,0,0,0.00,0.00,0.00,625000.00,0.00
40124428756742341,20190710,625000.00,625000.00,0,0,0.00,0.00,0.00,625000.00,0.00
40124428756742341,20190713,625000.00,625000.00,0,0,0.00,0.00,0.00,625000.00,0.00
40124428756742341,20190714,625000.00,625000.00,0,0,0.00,0.00,0.00,625000.00,0.00
40124428756742341,20190715,625000.00,625000.00,0,0,0.00,0.00,0.00,625000.00,0.00
40124428756742341,20190716,625000.00,625000.00,0,0,0.00,0.00,0.00,625000.00,0.00
40124428756742341,20190717,625000.00,625000.00,0,0,0.00,0.00,0.00,625000.00,0.00
40124428756742341,20190720,625000.00,625000.00,0,0,0.00,0.00,0.00,625000.00,0.00
40124428756742341,20190721,625000.00,625000.00,0,0,0.00,0.00,0.00,625000.00,0.00
40124428756742341,20190722,625000.00,625000.00,0,0,0.00,0.00,0.00,625000.00,0.00
40124428756742341,20190723,625000.00,625000.00,0,0,0.00,0.00,0.00,625000.00,0.00
40124428756742341,20190724,625000.00,625000.00,0,0,0.00,0.00,0.00,625000.00,0.00
40124428756742341,20190727,625000.00,625000.00,0,0,0.00,0.00,0.00,625000.00,0.00
40124428756742341,20190728,625000.00,625000.00,0,0,0.00,0.00,0.00,625000.00,0.00
40124428756742341,20190729,625000.00,625000.00,0,0,0.00,0.00,0.00,625000.00,0.00
40124428756742341,20190730,625000.00,625000.00,0,0,0.00,0.00,0.00,625000.00,0.00
40124428756742341,20190731,625000.00,625000.00,0,0,0.00,0.00,0.00,625000.00,0.00
40124428756742341,20190803,625000.00,625000.00,0,0,0.00,0.00,0.00,625000.00,0.00
40124428756742341,20190804,625000.00,625000.00,0,0,0.00,0.00,0.00,625000.00,0.00
40124428756742341,20190805,625000.00,625000.00,0,0,0.00,0.00,0.00,625000.00,0.00
40124428756742341,20190806,625000.00,625000.00,0,0,0.00,0.00,0.00,625000.00,0.00
40124428756742341,20190807,625000.00,625000.00,0,0,0.00,0.00,0.00,625000.00,0.00
40124428756742341,20190810,625000.00,625000.00,0,0,0.00,0.00,0.00,625000.00,0.00
40124428756742341,20190811,625000.00,625000.00,0,0,0.00,0.00,0.00,625000.00,0.00
40124428756742341,20190813,625000.00,625000.00,0,0,0.00,0.00,0.00,625000.00,0.00
40124428756742341,20190814,625000.00,625000.00,0,0,0.00,0.00,0.00,625000.00,0.00
40124428756742341,20190817,625000.00,625000.00,0,0,0.00,0.00,0.00,625000.00,0.00
40124428756742341,20190818,625000.00,625000.00,0,0,0.00,0.00,0.00,625000.00,0.00
40124428756742341,20190819,625000.00,625000.00,0,0,0.00,0.00,0.00,625000.00,0.00
40124428756742341,20190821,625000.00,625000.00,0,0,0.00,0.00,0.00,625000.00,0.00
40124428756742341,20190824,625000.00,625000.00,0,0,0.00,0.00,0.00,625000.00,0.00
40124428756742341,20190825,625000.00,625000.00,0,0,0.00,0.00,0.00,625000.00,0.00
40124428756742341,20190826,625000.00,625000.00,0,0,0.00,0.00,0.00,625000.00,0.00
40124428756742341,20190827,625000.00,625000.00,0,0,0.00,0.00,0.00,625000.00,0.00
40124428756742341,20190828,625000.00,625000.00,0,0,0.00,0.00,0.00,625000.00,0.00
40124428756742341,20190831,625000.00,625000.00,0,0,0.00,0.00,0.00,625000.00,0.00
40124428756742341,20190901,625000.00,625000.00,0,0,0.00,0.00,0.00,625000.00,0.00
40124428756742341,20190902,625000.00,625000.00,0,0,0.00,0.00,0.00,625000.00,0.00
40124428756742341,20190903,625000.00,625000.00,0,0,0.00,0.00,0.00,625000.00,0.00
40124428756742341,20190904,625000.00,625000.00,0,0,0.00,0.00,0.00,625000.00,0.00
40124428756742341,20190907,625000.00,625000.00,0,0,0.00,0.00,0.00,625000.00,0.00
40124428756742341,20190908,625000.00,625000.00,0,0,0.00,0.00,0.00,625000.00,0.00
40124428756742341,20190911,625000.00,625000.00,0,0,0.00,0.00,0.00,625000.00,0.00
40124428756742341,20190914,625000.00,625000.00,0,0,0.00,0.00,0.00,625000.00,0.00
40124428756742341,20190915,625000.00,625000.00,0,0,0.00,0.00,0.00,625000.00,0.00
40124428756742341,20190916,625000.00,625000.00,0,0,0.00,0.00,0.00,625000.00,0.00
40124428756742341,20190917,625000.00,625000.00,0,0,0.00,0.00,0.00,625000.00,0.00
40124428756742341,20190918,625000.00,625000.00,0,0,0.00,0.00,0.00,625000.00,0.00
40124428756742341,20190921,625000.00,625000.00,0,0,0.00,0.00,0.00,625000.00,0.00
40124428756742341,20190922,625000.00,625000.00,0,0,0.00,0.00,0.00,625000.00,0.00
40124428756742341,20190923,625000.00,625000.00,0,0,0.00,0.00,0.00,625000.00,0.00
40124428756742341,20190924,625000.00,625000.00,0,0,0.00,0.00,0.00,625000.00,0.00
40124428756742341,20190925,625000.00,625000.00,0,0,0.00,0.00,0.00,625000.00,0.00
40124428756742341,20190928,625000.00,625000.00,0,0,0.00,0.00,0.00,625000.00,0.00
40124428756742341,20190929,625000.00,625000.00,0,0,0.00,0.00,0.00,625000.00,0.00
40124428756742341,20190930,625000.00,625000.00,0,0,0.00,0.00,0.00,625000.00,0.00
40124428756742341,20191001,625000.00,625000.00,0,0,0.00,0.00,0.00,625000.00,0.00
40124428756742341,20191002,625000.00,625000.00,0,0,0.00,0.00,0.00,625000.00,0.00
40124428756742341,20191005,625000.00,625000.00,0,0,0.00,0.00,0.00,625000.00,0.00
40124428756742341,20191006,625000.00,625000.00,0,0,0.00,0.00,0.00,625000.00,0.00
40124428756742341,20191007,625000.00,625000.00,0,0,0.00,0.00,0.00,625000.00,0.00
40124428756742341,20191008,625000.00,625000.00,0,0,0.00,0.00,0.00,625000.00,0.00
40124428756742341,20191009,625000.00,625000.00,0,0,0.00,0.00,0.00,625000.00,0.00
40124428756742341,20191012,625000.00,625000.00,0,0,0.00,0.00,0.00,625000.00,0.00
40124428756742341,20191013,625000.00,625000.00,0,0,0.00,0.00,0.00,625000.00,0.00
40124428756742341,20191014,625000.00,625000.00,0,0,0.00,0.00,0.00,625000.00,0.00
40124428756742341,20191015,625000.00,625000.00,0,0,0.00,0.00,0.00,625000.00,0.00
40124428756742341,20191016,625000.00,625000.00,0,0,0.00,0.00,0.00,625000.00,0.00
40124428756742341,20191020,625000.00,625000.00,0,0,0.00,0.00,0.00,625000.00,0.00
40124428756742341,20191021,625000.00,625000.00,0,0,0.00,0.00,0.00,625000.00,0.00
40124428756742341,20191022,625000.00,625000.00,0,0,0.00,0.00,0.00,625000.00,0.00
40124428756742341,20191023,625000.00,625000.00,0,0,0.00,0.00,0.00,625000.00,0.00
40124428756742341,20191026,625000.00,625000.00,0,0,0.00,0.00,0.00,625000.00,0.00
40124428756742341,20191028,625000.00,625000.00,0,0,0.00,0.00,0.00,625000.00,0.00
40124428756742341,20191030,625000.00,625000.00,0,0,0.00,0.00,0.00,625000.00,0.00
40124428756742341,20191102,625000.00,625000.00,0,0,0.00,0.00,0.00,625000.00,0.00
40124428756742341,20191103,625000.00,625000.00,0,0,0.00,0.00,0.00,625000.00,0.00
40124428756742341,20191104,625000.00,625000.00,0,0,0.00,0.00,0.00,625000.00,0.00
40124428756742341,20191105,625000.00,625000.00,0,0,0.00,0.00,0.00,625000.00,0.00
40124428756742341,20191109,625000.00,625000.00,0,0,0.00,0.00,0.00,625000.00,0.00
40124428756742341,20191110,625000.00,625000.00,0,0,0.00,0.00,0.00,625000.00,0.00
40124428756742341,20191111,625000.00,625000.00,0,0,0.00,0.00,0.00,625000.00,0.00
40124428756742341,20191112,625000.00,625000.00,0,0,0.00,0.00,0.00,625000.00,0.00
40124428756742341,20191113,625000.00,625000.00,0,0,0.00,0.00,0.00,625000.00,0.00
40124428756742341,20191116,625000.00,625000.00,0,0,0.00,0.00,0.00,625000.00,0.00
40124428756742341,20191117,625000.00,625000.00,0,0,0.00,0.00,0.00,625000.00,0.00
40124428756742341,20191118,625000.00,625000.00,0,0,0.00,0.00,0.00,625000.00,0.00
40124428756742341,20191119,625000.00,625000.00,0,0,0.00,0.00,0.00,625000.00,0.00
40124428756742341,20191120,625000.00,625000.00,0,0,0.00,0.00,0.00,625000.00,0.00
40124428756742341,20191123,625000.00,625000.00,0,0,0.00,0.00,0.00,625000.00,0.00
40124428756742341,20191124,625000.00,625000.00,0,0,0.00,0.00,0.00,625000.00,0.00
40124428756742341,20191125,625000.00,625000.00,0,0,0.00,0.00,0.00,625000.00,0.00
40124428756742341,20191126,625000.00,625000.00,0,0,0.00,0.00,0.00,625000.00,0.00
40124428756742341,20191127,625000.00,625000.00,0,0,0.00,0.00,0.00,625000.00,0.00
40124428756742341,20191130,625000.00,625000.00,0,0,0.00,0.00,0.00,625000.00,0.00
40124428756742341,20191201,625000.00,625000.00,0,0,0.00,0.00,0.00,625000.00,0.00
40124428756742341,20191202,625000.00,625000.00,0,0,0.00,0.00,0.00,625000.00,0.00
40124428756742341,20191203,625000.00,625000.00,0,0,0.00,0.00,0.00,625000.00,0.00
40124428756742341,20191204,625000.00,625000.00,0,0,0.00,0.00,0.00,625000.00,0.00
40124428756742341,20191207,625000.00,625000.00,0,0,0.00,0.00,0.00,625000.00,0.00
40124428756742341,20191208,625000.00,625000.00,0,0,0.00,0.00,0.00,625000.00,0.00
40124428756742341,20191209,625000.00,625000.00,0,0,0.00,0.00,0.00,625000.00,0.00
40124428756742341,20191210,625000.00,625000.00,0,0,0.00,0.00,0.00,625000.00,0.00
40124428756742341,20191211,625000.00,625000.00,0,0,0.00,0.00,0.00,625000.00,0.00
40124428756742341,20191214,625000.00,625000.00,0,0,0.00,0.00,0.00,625000.00,0.00
40124428756742341,20191215,625000.00,625000.00,0,0,0.00,0.00,0.00,625000.00,0.00
40124428756742341,20191216,625000.00,625000.00,0,0,0.00,0.00,0.00,625000.00,0.00
40124428756742341,20191217,625000.00,625000.00,0,0,0.00,0.00,0.00,625000.00,0.00
40124428756742341,20191218,625000.00,625000.00,0,0,0.00,0.00,0.00,625000.00,0.00
40124428756742341,20191221,625000.00,625000.00,0,0,0.00,0.00,0.00,625000.00,0.00
40124428756742341,20191222,625000.00,625000.00,0,0,0.00,0.00,0.00,625000.00,0.00
40124428756742341,20191223,625000.00,625000.00,0,0,0.00,0.00,0.00,625000.00,0.00
40124428756742341,20191224,625000.00,625000.00,0,0,0.00,0.00,0.00,625000.00,0.00
40124428756742341,20191225,625000.00,625000.00,0,0,0.00,0.00,0.00,625000.00,0.00
40124428756742341,20191228,625000.00,625000.00,0,0,0.00,0.00,0.00,625000.00,0.00
40124428756742341,20191229,625000.00,625000.00,0,0,0.00,0.00,0.00,625000.00,0.00
40124428756742341,20191230,625000.00,625000.00,0,0,0.00,0.00,0.00,625000.00,0.00
40124428756742341,20191231,625000.00,625000.00,0,0,0.00,0.00,0.00,625000.00,0.00
40124428756742341,20200101,625000.00,625000.00,0,0,0.00,0.00,0.00,625000.00,0.00
40124428756742341,20200104,625000.00,625000.00,0,0,0.00,0.00,0.00,625000.00,0.00
40124428756742341,20200105,625000.00,625000.00,0,0,0.00,0.00,0.00,625000.00,0.00
40124428756742341,20200107,625000.00,625000.00,0,0,0.00,0.00,0.00,625000.00,0.00
40124428756742341,20200108,625000.00,625000.00,0,0,0.00,0.00,0.00,625000.00,0.00
40124428756742341,20200111,625000.00,625000.00,0,0,0.00,0.00,0.00,625000.00,0.00
40124428756742341,20200112,625000.00,625000.00,0,0,0.00,0.00,0.00,625000.00,0.00
40124428756742341,20200113,625000.00,625000.00,0,0,0.00,0.00,0.00,625000.00,0.00
40124428756742341,20200114,625000.00,625000.00,0,0,0.00,0.00,0.00,625000.00,0.00
40124428756742341,20200115,625000.00,625000.00,0,0,0.00,0.00,0.00,625000.00,0.00
40124428756742341,20200118,625000.00,625000.00,0,0,0.00,0.00,0.00,625000.00,0.00
40124428756742341,20200119,625000.00,625000.00,0,0,0.00,0.00,0.00,625000.00,0.00
40124428756742341,20200120,625000.00,625000.00,0,0,0.00,0.00,0.00,625000.00,0.00
40124428756742341,20200121,625000.00,625000.00,0,0,0.00,0.00,0.00,625000.00,0.00
40124428756742341,20200122,625000.00,625000.00,0,0,0.00,0.00,0.00,625000.00,0.00
40124428756742341,20200125,625000.00,625000.00,0,0,0.00,0.00,0.00,625000.00,0.00
40124428756742341,20200126,625000.00,625000.00,0,0,0.00,0.00,0.00,625000.00,0.00
40124428756742341,20200127,625000.00,625000.00,0,0,0.00,0.00,0.00,625000.00,0.00
40124428756742341,20200128,625000.00,625000.00,0,0,0.00,0.00,0.00,625000.00,0.00
40124428756742341,20200201,625000.00,625000.00,0,0,0.00,0.00,0.00,625000.00,0.00
40124428756742341,20200202,625000.00,625000.00,0,0,0.00,0.00,0.00,625000.00,0.00
40124428756742341,20200203,625000.00,625000.00,0,0,0.00,0.00,0.00,625000.00,0.00
40124428756742341,20200204,593750.00,593750.00,2,4,2375000.00,593750.00,593750.00,625000.00,593750.00
40124428756742341,20200205,593750.00,593750.00,0,0,0.00,0.00,0.00,593750.00,0.00
40124428756742341,20200208,593750.00,593750.00,0,0,0.00,0.00,0.00,593750.00,0.00
40124428756742341,20200209,593750.00,593750.00,0,0,0.00,0.00,0.00,593750.00,0.00
40124428756742341,20200210,593750.00,593750.00,0,0,0.00,0.00,0.00,593750.00,0.00
40124428756742341,20200212,593750.00,593750.00,0,0,0.00,0.00,0.00,593750.00,0.00
40124428756742341,20200215,593750.00,593750.00,0,0,0.00,0.00,0.00,593750.00,0.00
40124428756742341,20200216,593750.00,593750.00,0,0,0.00,0.00,0.00,593750.00,0.00
40124428756742341,20200217,593750.00,593750.00,0,0,0.00,0.00,0.00,593750.00,0.00
40124428756742341,20200218,593750.00,593750.00,0,0,0.00,0.00,0.00,593750.00,0.00
40124428756742341,20200219,593750.00,593750.00,0,0,0.00,0.00,0.00,593750.00,0.00
40124428756742341,20200222,593750.00,593750.00,0,0,0.00,0.00,0.00,593750.00,0.00
40124428756742341,20200223,593750.00,593750.00,0,0,0.00,0.00,0.00,593750.00,0.00
40124428756742341,20200224,593750.00,593750.00,0,0,0.00,0.00,0.00,593750.00,0.00
40124428756742341,20200225,593750.00,593750.00,0,0,0.00,0.00,0.00,593750.00,0.00
40124428756742341,20200226,593750.00,593750.00,0,0,0.00,0.00,0.00,593750.00,0.00
40124428756742341,20200229,593750.00,593750.00,0,0,0.00,0.00,0.00,593750.00,0.00
40124428756742341,20200301,593750.00,593750.00,0,0,0.00,0.00,0.00,593750.00,0.00
40124428756742341,20200302,593750.00,593750.00,0,0,0.00,0.00,0.00,593750.00,0.00
40124428756742341,20200303,593750.00,593750.00,0,0,0.00,0.00,0.00,593750.00,0.00
40124428756742341,20200304,593750.00,593750.00,0,0,0.00,0.00,0.00,593750.00,0.00
40124428756742341,20200307,593750.00,593750.00,0,0,0.00,0.00,0.00,593750.00,0.00
40124428756742341,20200309,593750.00,593750.00,0,0,0.00,0.00,0.00,593750.00,0.00
40124428756742341,20200310,593750.00,593750.00,0,0,0.00,0.00,0.00,593750.00,0.00
40124428756742341,20200311,593750.00,593750.00,0,0,0.00,0.00,0.00,593750.00,0.00
40124428756742341,20200314,593750.00,593750.00,0,0,0.00,0.00,0.00,593750.00,0.00
40124428756742341,20200315,593750.00,593750.00,0,0,0.00,0.00,0.00,593750.00,0.00
40124428756742341,20200316,593750.00,593750.00,0,0,0.00,0.00,0.00,593750.00,0.00
40124428756742341,20200317,593750.00,593750.00,0,0,0.00,0.00,0.00,593750.00,0.00
40124428756742341,20200318,593750.00,593750.00,0,0,0.00,0.00,0.00,593750.00,0.00
40124428756742341,20200324,593750.00,593750.00,0,0,0.00,0.00,0.00,593750.00,0.00
40124428756742341,20200325,593750.00,593750.00,0,0,0.00,0.00,0.00,593750.00,0.00
40124428756742341,20200328,593750.00,593750.00,0,0,0.00,0.00,0.00,593750.00,0.00
40124428756742341,20200329,593750.00,593750.00,0,0,0.00,0.00,0.00,593750.00,0.00
40124428756742341,20200330,593750.00,593750.00,0,0,0.00,0.00,0.00,593750.00,0.00
40124428756742341,20200404,593750.00,593750.00,0,0,0.00,0.00,0.00,593750.00,0.00
40124428756742341,20200405,593750.00,593750.00,0,0,0.00,0.00,0.00,593750.00,0.00
40124428756742341,20200406,593750.00,593750.00,0,0,0.00,0.00,0.00,593750.00,0.00
40124428756742341,20200407,593750.00,593750.00,0,0,0.00,0.00,0.00,593750.00,0.00
40124428756742341,20200408,593750.00,593750.00,0,0,0.00,0.00,0.00,593750.00,0.00
40124428756742341,20200411,593750.00,593750.00,0,0,0.00,0.00,0.00,593750.00,0.00
40124428756742341,20200412,593750.00,593750.00,0,0,0.00,0.00,0.00,593750.00,0.00
40124428756742341,20200413,593750.00,593750.00,0,0,0.00,0.00,0.00,593750.00,0.00
40124428756742341,20200414,593750.00,593750.00,0,0,0.00,0.00,0.00,593750.00,0.00
40124428756742341,20200415,593750.00,593750.00,0,0,0.00,0.00,0.00,593750.00,0.00
40124428756742341,20200418,593750.00,593750.00,0,0,0.00,0.00,0.00,593750.00,0.00
40124428756742341,20200419,593750.00,593750.00,0,0,0.00,0.00,0.00,593750.00,0.00
40124428756742341,20200420,593750.00,593750.00,0,0,0.00,0.00,0.00,593750.00,0.00
40124428756742341,20200421,581027.00,593750.00,2,7,4067189.00,564063.00,593750.00,593750.00,564063.00
40124428756742341,20200422,581027.00,593750.00,0,0,0.00,0.00,0.00,581027.00,0.00
40124428756742341,20200425,581027.00,593750.00,0,0,0.00,0.00,0.00,581027.00,0.00
40124428756742341,20200426,581027.00,593750.00,0,0,0.00,0.00,0.00,581027.00,0.00
40124428756742341,20200427,581027.00,593750.00,0,0,0.00,0.00,0.00,581027.00,0.00
40124428756742341,20200428,581027.00,593750.00,0,0,0.00,0.00,0.00,581027.00,0.00
40124428756742341,20200429,581027.00,593750.00,0,0,0.00,0.00,0.00,581027.00,0.00
40124428756742341,20200502,581027.00,593750.00,0,0,0.00,0.00,0.00,581027.00,0.00
40124428756742341,20200503,581027.00,593750.00,0,0,0.00,0.00,0.00,581027.00,0.00
40124428756742341,20200504,581027.00,593750.00,0,0,0.00,0.00,0.00,581027.00,0.00
40124428756742341,20200505,581027.00,593750.00,0,0,0.00,0.00,0.00,581027.00,0.00
40124428756742341,20200506,581027.00,593750.00,0,0,0.00,0.00,0.00,581027.00,0.00
40124428756742341,20200509,581027.00,593750.00,0,0,0.00,0.00,0.00,581027.00,0.00
40124428756742341,20200510,581027.00,593750.00,0,0,0.00,0.00,0.00,581027.00,0.00
40124428756742341,20200511,581027.00,593750.00,0,0,0.00,0.00,0.00,581027.00,0.00
40124428756742341,20200512,581027.00,593750.00,0,0,0.00,0.00,0.00,581027.00,0.00
40124428756742341,20200513,581027.00,593750.00,0,0,0.00,0.00,0.00,581027.00,0.00
40124428756742341,20200516,551976.00,551976.00,1,8,4415808.00,551976.00,551976.00,581027.00,551976.00
40124428756742341,20200517,551976.00,551976.00,0,0,0.00,0.00,0.00,551976.00,0.00
40124428756742341,20200518,551976.00,551976.00,0,0,0.00,0.00,0.00,551976.00,0.00
40124428756742341,20200519,551976.00,551976.00,0,0,0.00,0.00,0.00,551976.00,0.00
40124428756742341,20200520,551976.00,551976.00,0,0,0.00,0.00,0.00,551976.00,0.00
40124428756742341,20200523,551976.00,551976.00,0,0,0.00,0.00,0.00,551976.00,0.00
40124428756742341,20200526,551976.00,551976.00,0,0,0.00,0.00,0.00,551976.00,0.00
40124428756742341,20200527,551976.00,551976.00,0,0,0.00,0.00,0.00,551976.00,0.00
40124428756742341,20200530,551976.00,551976.00,0,0,0.00,0.00,0.00,551976.00,0.00
40124428756742341,20200531,551976.00,551976.00,0,0,0.00,0.00,0.00,551976.00,0.00
40124428756742341,20200601,551976.00,551976.00,0,0,0.00,0.00,0.00,551976.00,0.00
40124428756742341,20200602,551976.00,551976.00,0,0,0.00,0.00,0.00,551976.00,0.00
40124428756742341,20200606,579574.00,579574.00,1,4,2318296.00,579574.00,579574.00,551976.00,579574.00
40124428756742341,20200607,579574.00,579574.00,0,0,0.00,0.00,0.00,579574.00,0.00
40124428756742341,20200608,579574.00,579574.00,0,0,0.00,0.00,0.00,579574.00,0.00
40124428756742341,20200609,579574.00,579574.00,0,0,0.00,0.00,0.00,579574.00,0.00
40124428756742341,20200610,579574.00,579574.00,0,0,0.00,0.00,0.00,579574.00,0.00
40124428756742341,20200613,579574.00,579574.00,0,0,0.00,0.00,0.00,579574.00,0.00
40124428756742341,20200614,579574.00,579574.00,0,0,0.00,0.00,0.00,579574.00,0.00
40124428756742341,20200615,579574.00,579574.00,0,0,0.00,0.00,0.00,579574.00,0.00
40124428756742341,20200616,579574.00,579574.00,0,0,0.00,0.00,0.00,579574.00,0.00
40124428756742341,20200620,579574.00,579574.00,0,0,0.00,0.00,0.00,579574.00,0.00
40124428756742341,20200621,579574.00,579574.00,0,0,0.00,0.00,0.00,579574.00,0.00
40124428756742341,20200622,579574.00,579574.00,0,0,0.00,0.00,0.00,579574.00,0.00
40124428756742341,20200623,579574.00,579574.00,0,0,0.00,0.00,0.00,579574.00,0.00
40124428756742341,20200624,579574.00,579574.00,0,0,0.00,0.00,0.00,579574.00,0.00
40124428756742341,20200627,579574.00,579574.00,0,0,0.00,0.00,0.00,579574.00,0.00
40124428756742341,20200628,579574.00,579574.00,0,0,0.00,0.00,0.00,579574.00,0.00
40124428756742341,20200629,579574.00,579574.00,0,0,0.00,0.00,0.00,579574.00,0.00
40124428756742341,20200630,579574.00,579574.00,0,0,0.00,0.00,0.00,579574.00,0.00
40124428756742341,20200701,579574.00,579574.00,0,0,0.00,0.00,0.00,579574.00,0.00
40124428756742341,20200704,579574.00,579574.00,0,0,0.00,0.00,0.00,579574.00,0.00
40124428756742341,20200705,579574.00,579574.00,0,0,0.00,0.00,0.00,579574.00,0.00
40124428756742341,20200706,579574.00,579574.00,0,0,0.00,0.00,0.00,579574.00,0.00
40124428756742341,20200707,608552.00,608552.00,1,7,4259864.00,608552.00,608552.00,579574.00,608552.00
40124428756742341,20200708,608552.00,608552.00,0,0,0.00,0.00,0.00,608552.00,0.00
40124428756742341,20200711,608552.00,608552.00,0,0,0.00,0.00,0.00,608552.00,0.00
40124428756742341,20200712,608552.00,608552.00,0,0,0.00,0.00,0.00,608552.00,0.00
40124428756742341,20200713,608552.00,608552.00,0,0,0.00,0.00,0.00,608552.00,0.00
40124428756742341,20200714,608552.00,608552.00,0,0,0.00,0.00,0.00,608552.00,0.00
40124428756742341,20200715,608552.00,608552.00,0,0,0.00,0.00,0.00,608552.00,0.00
40124428756742341,20200718,638979.00,638979.00,1,7,4472853.00,638979.00,638979.00,608552.00,638979.00
40124428756742341,20200719,638979.00,638979.00,0,0,0.00,0.00,0.00,638979.00,0.00
40124428756742341,20200720,638979.00,638979.00,0,0,0.00,0.00,0.00,638979.00,0.00
40124428756742341,20200721,638979.00,638979.00,0,0,0.00,0.00,0.00,638979.00,0.00
40124428756742341,20200722,638979.00,638979.00,0,0,0.00,0.00,0.00,638979.00,0.00
40124428756742341,20200725,638979.00,638979.00,0,0,0.00,0.00,0.00,638979.00,0.00
40124428756742341,20200726,638979.00,638979.00,0,0,0.00,0.00,0.00,638979.00,0.00
40124428756742341,20200727,638979.00,638979.00,0,0,0.00,0.00,0.00,638979.00,0.00
40124428756742341,20200728,638979.00,638979.00,0,0,0.00,0.00,0.00,638979.00,0.00
40124428756742341,20200729,638979.00,638979.00,0,0,0.00,0.00,0.00,638979.00,0.00
40124428756742341,20200801,638979.00,638979.00,0,0,0.00,0.00,0.00,638979.00,0.00
40124428756742341,20200802,638979.00,638979.00,0,0,0.00,0.00,0.00,638979.00,0.00
40124428756742341,20200803,638979.00,638979.00,0,0,0.00,0.00,0.00,638979.00,0.00
40124428756742341,20200804,638979.00,638979.00,0,0,0.00,0.00,0.00,638979.00,0.00
40124428756742341,20200805,638979.00,638979.00,0,0,0.00,0.00,0.00,638979.00,0.00
40124428756742341,20200809,638979.00,638979.00,0,0,0.00,0.00,0.00,638979.00,0.00
40124428756742341,20200810,638979.00,638979.00,0,0,0.00,0.00,0.00,638979.00,0.00
40124428756742341,20200811,638979.00,638979.00,0,0,0.00,0.00,0.00,638979.00,0.00
40124428756742341,20200812,638979.00,638979.00,0,0,0.00,0.00,0.00,638979.00,0.00
40124428756742341,20200815,638979.00,638979.00,0,0,0.00,0.00,0.00,638979.00,0.00
40124428756742341,20200816,638979.00,638979.00,0,0,0.00,0.00,0.00,638979.00,0.00
40124428756742341,20200817,638979.00,638979.00,0,0,0.00,0.00,0.00,638979.00,0.00
40124428756742341,20200818,638979.00,638979.00,0,0,0.00,0.00,0.00,638979.00,0.00
40124428756742341,20200819,638979.00,638979.00,0,0,0.00,0.00,0.00,638979.00,0.00
40124428756742341,20200822,638979.00,638979.00,0,0,0.00,0.00,0.00,638979.00,0.00
40124428756742341,20200823,638979.00,638979.00,0,0,0.00,0.00,0.00,638979.00,0.00
40124428756742341,20200824,638979.00,638979.00,0,0,0.00,0.00,0.00,638979.00,0.00
40124428756742341,20200825,638979.00,638979.00,0,0,0.00,0.00,0.00,638979.00,0.00
40124428756742341,20200826,638979.00,638979.00,0,0,0.00,0.00,0.00,638979.00,0.00
40124428756742341,20200831,638979.00,638979.00,0,0,0.00,0.00,0.00,638979.00,0.00
40124428756742341,20200901,638979.00,638979.00,0,0,0.00,0.00,0.00,638979.00,0.00
40124428756742341,20200902,638979.00,638979.00,0,0,0.00,0.00,0.00,638979.00,0.00
40124428756742341,20200905,638979.00,638979.00,0,0,0.00,0.00,0.00,638979.00,0.00
40124428756742341,20200906,638979.00,638979.00,0,0,0.00,0.00,0.00,638979.00,0.00
40124428756742341,20200907,638979.00,638979.00,0,0,0.00,0.00,0.00,638979.00,0.00
40124428756742341,20200908,638979.00,638979.00,0,0,0.00,0.00,0.00,638979.00,0.00
40124428756742341,20200909,638979.00,638979.00,0,0,0.00,0.00,0.00,638979.00,0.00
40124428756742341,20200912,638979.00,638979.00,0,0,0.00,0.00,0.00,638979.00,0.00
40124428756742341,20200913,638979.00,638979.00,0,0,0.00,0.00,0.00,638979.00,0.00
40124428756742341,20200914,638979.00,638979.00,0,0,0.00,0.00,0.00,638979.00,0.00
40124428756742341,20200915,638979.00,638979.00,0,0,0.00,0.00,0.00,638979.00,0.00
40124428756742341,20200916,638979.00,638979.00,0,0,0.00,0.00,0.00,638979.00,0.00
40124428756742341,20200919,638979.00,638979.00,0,0,0.00,0.00,0.00,638979.00,0.00
40124428756742341,20200920,638979.00,638979.00,0,0,0.00,0.00,0.00,638979.00,0.00
40124428756742341,20200921,638979.00,638979.00,0,0,0.00,0.00,0.00,638979.00,0.00
40124428756742341,20200922,638979.00,638979.00,0,0,0.00,0.00,0.00,638979.00,0.00
40124428756742341,20200923,638979.00,638979.00,0,0,0.00,0.00,0.00,638979.00,0.00
40124428756742341,20200926,638979.00,638979.00,0,0,0.00,0.00,0.00,638979.00,0.00
40124428756742341,20200927,638979.00,638979.00,0,0,0.00,0.00,0.00,638979.00,0.00
40124428756742341,20200928,638979.00,638979.00,0,0,0.00,0.00,0.00,638979.00,0.00
40124428756742341,20200929,638979.00,638979.00,0,0,0.00,0.00,0.00,638979.00,0.00
40124428756742341,20200930,638979.00,638979.00,0,0,0.00,0.00,0.00,638979.00,0.00
40124428756742341,20201003,638979.00,638979.00,0,0,0.00,0.00,0.00,638979.00,0.00
40124428756742341,20201004,638979.00,638979.00,0,0,0.00,0.00,0.00,638979.00,0.00
40124428756742341,20201005,638979.00,638979.00,0,0,0.00,0.00,0.00,638979.00,0.00
40124428756742341,20201006,638979.00,638979.00,0,0,0.00,0.00,0.00,638979.00,0.00
40124428756742341,20201007,638979.00,638979.00,0,0,0.00,0.00,0.00,638979.00,0.00
40124428756742341,20201010,638979.00,638979.00,0,0,0.00,0.00,0.00,638979.00,0.00
40124428756742341,20201011,638979.00,638979.00,0,0,0.00,0.00,0.00,638979.00,0.00
40124428756742341,20201012,638979.00,638979.00,0,0,0.00,0.00,0.00,638979.00,0.00
40124428756742341,20201013,670927.00,670927.00,1,4,2683708.00,670927.00,670927.00,638979.00,670927.00
40124428756742341,20201014,670927.00,670927.00,0,0,0.00,0.00,0.00,670927.00,0.00
40124428756742341,20201018,670927.00,670927.00,0,0,0.00,0.00,0.00,670927.00,0.00
40124428756742341,20201019,670927.00,670927.00,0,0,0.00,0.00,0.00,670927.00,0.00
40124428756742341,20201020,670927.00,670927.00,0,0,0.00,0.00,0.00,670927.00,0.00
40124428756742341,20201021,670927.00,670927.00,0,0,0.00,0.00,0.00,670927.00,0.00
40124428756742341,20201024,670927.00,670927.00,0,0,0.00,0.00,0.00,670927.00,0.00
40124428756742341,20201026,670927.00,670927.00,0,0,0.00,0.00,0.00,670927.00,0.00
40124428756742341,20201027,670927.00,670927.00,0,0,0.00,0.00,0.00,670927.00,0.00
40124428756742341,20201028,670927.00,670927.00,0,0,0.00,0.00,0.00,670927.00,0.00
40124428756742341,20201031,670927.00,670927.00,0,0,0.00,0.00,0.00,670927.00,704473.00
40124428756742341,20201101,670927.00,670927.00,0,0,0.00,0.00,0.00,670927.00,0.00
40124428756742341,20201102,670927.00,670927.00,0,0,0.00,0.00,0.00,670927.00,0.00
40124428756742341,20201104,670927.00,670927.00,0,0,0.00,0.00,0.00,670927.00,0.00
40124428756742341,20201107,670927.00,670927.00,0,0,0.00,0.00,0.00,670927.00,704473.00
40124428756742341,20201108,670927.00,670927.00,0,0,0.00,0.00,0.00,670927.00,0.00
40124428756742341,20201109,670927.00,670927.00,0,0,0.00,0.00,0.00,670927.00,0.00
40124428756742341,20201110,670927.00,670927.00,0,0,0.00,0.00,0.00,670927.00,0.00
40124428756742341,20201111,670927.00,670927.00,0,0,0.00,0.00,0.00,670927.00,0.00
40124428756742341,20201114,670927.00,670927.00,0,0,0.00,0.00,0.00,670927.00,0.00
40124428756742341,20201115,670927.00,670927.00,0,0,0.00,0.00,0.00,670927.00,0.00
40124428756742341,20201116,670927.00,670927.00,0,0,0.00,0.00,0.00,670927.00,704473.00
40124428756742341,20201117,670927.00,670927.00,0,0,0.00,0.00,0.00,670927.00,0.00
40124428756742341,20201118,670927.00,670927.00,0,0,0.00,0.00,0.00,670927.00,0.00
40124428756742341,20201121,670927.00,670927.00,0,0,0.00,0.00,0.00,670927.00,0.00
40124428756742341,20201122,670927.00,670927.00,0,0,0.00,0.00,0.00,670927.00,0.00
40124428756742341,20201123,670927.00,704473.00,2,8,5367416.00,637381.00,704473.00,670927.00,637381.00
40124428756742341,20201124,670927.00,704473.00,0,0,0.00,0.00,0.00,670927.00,0.00
40124428756742341,20201125,670927.00,704473.00,0,0,0.00,0.00,0.00,670927.00,0.00
40124428756742341,20201128,670927.00,704473.00,0,0,0.00,0.00,0.00,670927.00,0.00
40124428756742341,20201129,670927.00,704473.00,0,0,0.00,0.00,0.00,670927.00,0.00
40124428756742341,20201130,670927.00,704473.00,0,0,0.00,0.00,0.00,670927.00,0.00
40124428756742341,20201201,670927.00,704473.00,0,0,0.00,0.00,0.00,670927.00,0.00
40124428756742341,20201202,670927.00,704473.00,0,0,0.00,0.00,0.00,670927.00,0.00
40124428756742341,20201205,670927.00,704473.00,0,0,0.00,0.00,0.00,670927.00,0.00
40124428756742341,20201206,670927.00,704473.00,0,0,0.00,0.00,0.00,670927.00,0.00
40124428756742341,20201207,670927.00,704473.00,0,0,0.00,0.00,0.00,670927.00,0.00
40124428756742341,20201208,670927.00,704473.00,0,0,0.00,0.00,0.00,670927.00,0.00
40124428756742341,20201209,670927.00,704473.00,0,0,0.00,0.00,0.00,670927.00,0.00
40124428756742341,20201212,670927.00,704473.00,0,0,0.00,0.00,0.00,670927.00,0.00
40124428756742341,20201213,670927.00,704473.00,0,0,0.00,0.00,0.00,670927.00,0.00
40124428756742341,20201214,670927.00,704473.00,0,0,0.00,0.00,0.00,670927.00,0.00
40124428756742341,20201215,670927.00,704473.00,0,0,0.00,0.00,0.00,670927.00,0.00
40124428756742341,20201216,670927.00,704473.00,0,0,0.00,0.00,0.00,670927.00,0.00
40124428756742341,20201219,670927.00,704473.00,0,0,0.00,0.00,0.00,670927.00,0.00
40124428756742341,20201220,670927.00,704473.00,0,0,0.00,0.00,0.00,670927.00,0.00
40124428756742341,20201221,670927.00,704473.00,0,0,0.00,0.00,0.00,670927.00,0.00
40124428756742341,20201222,670927.00,704473.00,0,0,0.00,0.00,0.00,670927.00,0.00
40124428756742341,20201223,670927.00,704473.00,0,0,0.00,0.00,0.00,670927.00,0.00
40124428756742341,20201226,670927.00,704473.00,0,0,0.00,0.00,0.00,670927.00,0.00
40124428756742341,20201227,670927.00,704473.00,0,0,0.00,0.00,0.00,670927.00,0.00
40124428756742341,20201228,670927.00,704473.00,0,0,0.00,0.00,0.00,670927.00,0.00
40124428756742341,20201229,670927.00,704473.00,0,0,0.00,0.00,0.00,670927.00,0.00
40124428756742341,20201230,670927.00,704473.00,0,0,0.00,0.00,0.00,670927.00,0.00
40124428756742341,20210102,670927.00,704473.00,0,0,0.00,0.00,0.00,670927.00,0.00
40124428756742341,20210103,670927.00,704473.00,0,0,0.00,0.00,0.00,670927.00,0.00
40124428756742341,20210104,670927.00,704473.00,0,0,0.00,0.00,0.00,670927.00,0.00
40124428756742341,20210105,670927.00,704473.00,0,0,0.00,0.00,0.00,670927.00,0.00
40124428756742341,20210106,670927.00,704473.00,0,0,0.00,0.00,0.00,670927.00,0.00
40124428756742341,20210109,670927.00,704473.00,0,0,0.00,0.00,0.00,670927.00,0.00
40124428756742341,20210110,670927.00,704473.00,0,0,0.00,0.00,0.00,670927.00,0.00
40124428756742341,20210111,670927.00,704473.00,0,0,0.00,0.00,0.00,670927.00,0.00
40124428756742341,20210112,670927.00,704473.00,0,0,0.00,0.00,0.00,670927.00,0.00
40124428756742341,20210113,670927.00,704473.00,0,0,0.00,0.00,0.00,670927.00,0.00
40124428756742341,20210116,670927.00,704473.00,0,0,0.00,0.00,0.00,670927.00,0.00
40124428756742341,20210118,670927.00,704473.00,0,0,0.00,0.00,0.00,670927.00,0.00
40124428756742341,20210119,670927.00,704473.00,0,0,0.00,0.00,0.00,670927.00,0.00
40124428756742341,20210120,670927.00,704473.00,0,0,0.00,0.00,0.00,670927.00,0.00
40124428756742341,20210123,670927.00,704473.00,0,0,0.00,0.00,0.00,670927.00,0.00
40124428756742341,20210124,670927.00,704473.00,0,0,0.00,0.00,0.00,670927.00,0.00
40124428756742341,20210125,670927.00,704473.00,0,0,0.00,0.00,0.00,670927.00,0.00
40124428756742341,20210126,670927.00,704473.00,0,0,0.00,0.00,0.00,670927.00,0.00
40124428756742341,20210127,670927.00,704473.00,0,0,0.00,0.00,0.00,670927.00,0.00
40124428756742341,20210130,670927.00,704473.00,0,0,0.00,0.00,0.00,670927.00,0.00
40124428756742341,20210131,670927.00,704473.00,0,0,0.00,0.00,0.00,670927.00,0.00
40124428756742341,20210201,670927.00,704473.00,0,0,0.00,0.00,0.00,670927.00,0.00
40124428756742341,20210202,670927.00,704473.00,0,0,0.00,0.00,0.00,670927.00,0.00
40124428756742341,20210203,670927.00,704473.00,0,0,0.00,0.00,0.00,670927.00,0.00
40124428756742341,20210206,670927.00,704473.00,0,0,0.00,0.00,0.00,670927.00,0.00
40124428756742341,20210207,670927.00,704473.00,0,0,0.00,0.00,0.00,670927.00,0.00
40124428756742341,20210208,670927.00,704473.00,0,0,0.00,0.00,0.00,670927.00,0.00
40124428756742341,20210209,670927.00,704473.00,0,0,0.00,0.00,0.00,670927.00,0.00
40124428756742341,20210213,670927.00,704473.00,0,0,0.00,0.00,0.00,670927.00,0.00
40124428756742341,20210214,670927.00,704473.00,0,0,0.00,0.00,0.00,670927.00,0.00
40124428756742341,20210215,670927.00,704473.00,0,0,0.00,0.00,0.00,670927.00,0.00
40124428756742341,20210216,670927.00,704473.00,0,0,0.00,0.00,0.00,670927.00,0.00
40124428756742341,20210217,670927.00,704473.00,0,0,0.00,0.00,0.00,670927.00,0.00
40124428756742341,20210220,670927.00,704473.00,0,0,0.00,0.00,0.00,670927.00,0.00
40124428756742341,20210221,670927.00,704473.00,0,0,0.00,0.00,0.00,670927.00,0.00
40124428756742341,20210222,670927.00,704473.00,0,0,0.00,0.00,0.00,670927.00,0.00
40124428756742341,20210223,670927.00,704473.00,0,0,0.00,0.00,0.00,670927.00,0.00
40124428756742341,20210224,670927.00,704473.00,0,0,0.00,0.00,0.00,670927.00,0.00
40124428756742341,20210227,670927.00,704473.00,0,0,0.00,0.00,0.00,670927.00,0.00
40124428756742341,20210228,670927.00,704473.00,0,0,0.00,0.00,0.00,670927.00,0.00
40124428756742341,20210301,670927.00,704473.00,0,0,0.00,0.00,0.00,670927.00,0.00
40124428756742341,20210302,670927.00,704473.00,0,0,0.00,0.00,0.00,670927.00,0.00
40124428756742341,20210303,670927.00,704473.00,0,0,0.00,0.00,0.00,670927.00,0.00
40124428756742341,20210306,670927.00,704473.00,0,0,0.00,0.00,0.00,670927.00,0.00
40124428756742341,20210307,670927.00,704473.00,0,0,0.00,0.00,0.00,670927.00,0.00
40124428756742341,20210308,670927.00,704473.00,0,0,0.00,0.00,0.00,670927.00,0.00
40124428756742341,20210309,670927.00,704473.00,0,0,0.00,0.00,0.00,670927.00,0.00
40124428756742341,20210310,670927.00,704473.00,0,0,0.00,0.00,0.00,670927.00,0.00
40124428756742341,20210313,670927.00,704473.00,0,0,0.00,0.00,0.00,670927.00,0.00
40124428756742341,20210314,670927.00,704473.00,0,0,0.00,0.00,0.00,670927.00,0.00
40124428756742341,20210315,670927.00,704473.00,0,0,0.00,0.00,0.00,670927.00,0.00
40124428756742341,20210316,670927.00,704473.00,0,0,0.00,0.00,0.00,670927.00,0.00
40124428756742341,20210317,670927.00,704473.00,0,0,0.00,0.00,0.00,670927.00,0.00
40124428756742341,20210327,670927.00,704473.00,0,0,0.00,0.00,0.00,670927.00,0.00
40124428756742341,20210328,670927.00,704473.00,0,0,0.00,0.00,0.00,670927.00,0.00
40124428756742341,20210330,670927.00,704473.00,0,0,0.00,0.00,0.00,670927.00,0.00
40124428756742341,20210331,670927.00,704473.00,0,0,0.00,0.00,0.00,670927.00,0.00
40124428756742341,20210403,670927.00,704473.00,0,0,0.00,0.00,0.00,670927.00,0.00
40124428756742341,20210404,670927.00,704473.00,0,0,0.00,0.00,0.00,670927.00,0.00
40124428756742341,20210405,670927.00,704473.00,0,0,0.00,0.00,0.00,670927.00,0.00
40124428756742341,20210406,670927.00,704473.00,0,0,0.00,0.00,0.00,670927.00,0.00
40124428756742341,20210407,670927.00,704473.00,0,0,0.00,0.00,0.00,670927.00,0.00
40124428756742341,20210410,670927.00,704473.00,0,0,0.00,0.00,0.00,670927.00,0.00
40124428756742341,20210411,670927.00,704473.00,0,0,0.00,0.00,0.00,670927.00,0.00
40124428756742341,20210412,670927.00,704473.00,0,0,0.00,0.00,0.00,670927.00,0.00
40124428756742341,20210413,670927.00,704473.00,0,0,0.00,0.00,0.00,670927.00,0.00
40124428756742341,20210414,670927.00,704473.00,0,0,0.00,0.00,0.00,670927.00,0.00
40124428756742341,20210417,670927.00,704473.00,0,0,0.00,0.00,0.00,670927.00,0.00
40124428756742341,20210418,670927.00,704473.00,0,0,0.00,0.00,0.00,670927.00,0.00
40124428756742341,20210419,670927.00,704473.00,0,0,0.00,0.00,0.00,670927.00,0.00
40124428756742341,20210420,670927.00,704473.00,0,0,0.00,0.00,0.00,670927.00,0.00
40124428756742341,20210421,670927.00,704473.00,0,0,0.00,0.00,0.00,670927.00,0.00
40124428756742341,20210424,670927.00,704473.00,0,0,0.00,0.00,0.00,670927.00,0.00
40124428756742341,20210425,670927.00,704473.00,0,0,0.00,0.00,0.00,670927.00,0.00
40124428756742341,20210426,670927.00,704473.00,0,0,0.00,0.00,0.00,670927.00,0.00
40124428756742341,20210427,670927.00,704473.00,0,0,0.00,0.00,0.00,670927.00,0.00
40124428756742341,20210428,670927.00,704473.00,0,0,0.00,0.00,0.00,670927.00,0.00
40124428756742341,20210501,670927.00,704473.00,0,0,0.00,0.00,0.00,670927.00,0.00
40124428756742341,20210502,670927.00,704473.00,0,0,0.00,0.00,0.00,670927.00,0.00
40124428756742341,20210503,670927.00,704473.00,0,0,0.00,0.00,0.00,670927.00,0.00
40124428756742341,20210505,670927.00,704473.00,0,0,0.00,0.00,0.00,670927.00,0.00
40124428756742341,20210508,670927.00,704473.00,0,0,0.00,0.00,0.00,670927.00,0.00
40124428756742341,20210509,670927.00,704473.00,0,0,0.00,0.00,0.00,670927.00,0.00
40124428756742341,20210510,670927.00,704473.00,0,0,0.00,0.00,0.00,670927.00,0.00
40124428756742341,20210511,670927.00,704473.00,0,0,0.00,0.00,0.00,670927.00,0.00
40124428756742341,20210512,670927.00,704473.00,0,0,0.00,0.00,0.00,670927.00,0.00
40124428756742341,20210515,670927.00,704473.00,0,0,0.00,0.00,0.00,670927.00,0.00
40124428756742341,20210516,670927.00,704473.00,0,0,0.00,0.00,0.00,670927.00,0.00
40124428756742341,20210517,670927.00,704473.00,0,0,0.00,0.00,0.00,670927.00,0.00
40124428756742341,20210518,670927.00,704473.00,0,0,0.00,0.00,0.00,670927.00,0.00
40124428756742341,20210519,670927.00,704473.00,0,0,0.00,0.00,0.00,670927.00,0.00
40124428756742341,20210522,670927.00,704473.00,0,0,0.00,0.00,0.00,670927.00,0.00
40124428756742341,20210523,670927.00,704473.00,0,0,0.00,0.00,0.00,670927.00,0.00
40124428756742341,20210524,670927.00,704473.00,0,0,0.00,0.00,0.00,670927.00,0.00
40124428756742341,20210525,670927.00,704473.00,0,0,0.00,0.00,0.00,670927.00,0.00
40124428756742341,20210526,670927.00,704473.00,0,0,0.00,0.00,0.00,670927.00,0.00
40124428756742341,20210529,670927.00,704473.00,0,0,0.00,0.00,0.00,670927.00,0.00
40124428756742341,20210530,670927.00,704473.00,0,0,0.00,0.00,0.00,670927.00,0.00
40124428756742341,20210531,670927.00,704473.00,0,0,0.00,0.00,0.00,670927.00,0.00
40124428756742341,20210601,670927.00,704473.00,0,0,0.00,0.00,0.00,670927.00,0.00
40124428756742341,20210602,670927.00,704473.00,0,0,0.00,0.00,0.00,670927.00,0.00
40124428756742341,20210607,670927.00,704473.00,0,0,0.00,0.00,0.00,670927.00,0.00
40124428756742341,20210608,670927.00,704473.00,0,0,0.00,0.00,0.00,670927.00,0.00
40124428756742341,20210609,670927.00,704473.00,0,0,0.00,0.00,0.00,670927.00,0.00
40124428756742341,20210612,670927.00,704473.00,0,0,0.00,0.00,0.00,670927.00,0.00
40124428756742341,20210613,670927.00,704473.00,0,0,0.00,0.00,0.00,670927.00,0.00
40124428756742341,20210614,670927.00,704473.00,0,0,0.00,0.00,0.00,670927.00,0.00
40124428756742341,20210615,670927.00,704473.00,0,0,0.00,0.00,0.00,670927.00,0.00
40124428756742341,20210616,670927.00,704473.00,0,0,0.00,0.00,0.00,670927.00,0.00
40124428756742341,20210619,670927.00,704473.00,0,0,0.00,0.00,0.00,670927.00,0.00
40124428756742341,20210620,670927.00,704473.00,0,0,0.00,0.00,0.00,670927.00,0.00
40124428756742341,20210621,670927.00,704473.00,0,0,0.00,0.00,0.00,670927.00,0.00
40124428756742341,20210622,670927.00,704473.00,0,0,0.00,0.00,0.00,670927.00,0.00
40124428756742341,20210623,670927.00,704473.00,0,0,0.00,0.00,0.00,670927.00,0.00
40124428756742341,20210626,670927.00,704473.00,0,0,0.00,0.00,0.00,670927.00,0.00
40124428756742341,20210627,670927.00,704473.00,0,0,0.00,0.00,0.00,670927.00,0.00
40124428756742341,20210628,670927.00,704473.00,0,0,0.00,0.00,0.00,670927.00,0.00
40124428756742341,20210629,670927.00,704473.00,0,0,0.00,0.00,0.00,670927.00,0.00
40124428756742341,20210630,670927.00,704473.00,0,0,0.00,0.00,0.00,670927.00,0.00
40124428756742341,20210703,670927.00,704473.00,0,0,0.00,0.00,0.00,670927.00,0.00
40124428756742341,20210704,670927.00,704473.00,0,0,0.00,0.00,0.00,670927.00,0.00
40124428756742341,20210705,670927.00,704473.00,0,0,0.00,0.00,0.00,670927.00,0.00
40124428756742341,20210706,670927.00,704473.00,0,0,0.00,0.00,0.00,670927.00,0.00
40124428756742341,20210707,670927.00,704473.00,0,0,0.00,0.00,0.00,670927.00,0.00
40124428756742341,20210710,670927.00,704473.00,0,0,0.00,0.00,0.00,670927.00,0.00
40124428756742341,20210711,670927.00,704473.00,0,0,0.00,0.00,0.00,670927.00,0.00
40124428756742341,20210712,670927.00,704473.00,0,0,0.00,0.00,0.00,670927.00,0.00
40124428756742341,20210713,670927.00,704473.00,0,0,0.00,0.00,0.00,670927.00,0.00
40124428756742341,20210714,670927.00,704473.00,0,0,0.00,0.00,0.00,670927.00,0.00
40124428756742341,20210717,670927.00,704473.00,0,0,0.00,0.00,0.00,670927.00,0.00
40124428756742341,20210718,670927.00,704473.00,0,0,0.00,0.00,0.00,670927.00,0.00
40124428756742341,20210719,670927.00,704473.00,0,0,0.00,0.00,0.00,670927.00,0.00
40124428756742341,20210726,670927.00,704473.00,0,0,0.00,0.00,0.00,670927.00,0.00
40124428756742341,20210727,670927.00,704473.00,0,0,0.00,0.00,0.00,670927.00,0.00
40124428756742341,20210728,670927.00,704473.00,0,0,0.00,0.00,0.00,670927.00,0.00
40124428756742341,20210731,670927.00,704473.00,0,0,0.00,0.00,0.00,670927.00,0.00
40124428756742341,20210801,670927.00,704473.00,0,0,0.00,0.00,0.00,670927.00,0.00
40124428756742341,20210802,670927.00,704473.00,0,0,0.00,0.00,0.00,670927.00,0.00
40124428756742341,20210803,670927.00,704473.00,0,0,0.00,0.00,0.00,670927.00,0.00
40124428756742341,20210804,670927.00,704473.00,0,0,0.00,0.00,0.00,670927.00,0.00
40124428756742341,20210807,670927.00,704473.00,0,0,0.00,0.00,0.00,670927.00,0.00
40124428756742341,20210808,670927.00,704473.00,0,0,0.00,0.00,0.00,670927.00,0.00
40124428756742341,20210809,670927.00,704473.00,0,0,0.00,0.00,0.00,670927.00,0.00
40124428756742341,20210810,670927.00,704473.00,0,0,0.00,0.00,0.00,670927.00,0.00
40124428756742341,20210811,670927.00,704473.00,0,0,0.00,0.00,0.00,670927.00,0.00
40124428756742341,20210814,670927.00,704473.00,0,0,0.00,0.00,0.00,670927.00,0.00
40124428756742341,20210815,670927.00,704473.00,0,0,0.00,0.00,0.00,670927.00,0.00
40124428756742341,20210822,670927.00,704473.00,0,0,0.00,0.00,0.00,670927.00,0.00
40124428756742341,20210823,670927.00,704473.00,0,0,0.00,0.00,0.00,670927.00,0.00
40124428756742341,20210824,670927.00,704473.00,0,0,0.00,0.00,0.00,670927.00,0.00
40124428756742341,20210825,670927.00,704473.00,0,0,0.00,0.00,0.00,670927.00,0.00
40124428756742341,20210828,670927.00,704473.00,0,0,0.00,0.00,0.00,670927.00,0.00
40124428756742341,20210829,670927.00,704473.00,0,0,0.00,0.00,0.00,670927.00,0.00
40124428756742341,20210830,670927.00,704473.00,0,0,0.00,0.00,0.00,670927.00,0.00
40124428756742341,20210831,670927.00,704473.00,0,0,0.00,0.00,0.00,670927.00,0.00
40124428756742341,20210901,670927.00,704473.00,0,0,0.00,0.00,0.00,670927.00,0.00
40124428756742341,20210904,670927.00,704473.00,0,0,0.00,0.00,0.00,670927.00,0.00
40124428756742341,20210905,670927.00,704473.00,0,0,0.00,0.00,0.00,670927.00,0.00
40124428756742341,20210906,670927.00,704473.00,0,0,0.00,0.00,0.00,670927.00,0.00
40124428756742341,20210907,670927.00,704473.00,0,0,0.00,0.00,0.00,670927.00,0.00
40124428756742341,20210908,670927.00,704473.00,0,0,0.00,0.00,0.00,670927.00,0.00
40124428756742341,20210911,670927.00,704473.00,0,0,0.00,0.00,0.00,670927.00,0.00
40124428756742341,20210912,670927.00,704473.00,0,0,0.00,0.00,0.00,670927.00,0.00
40124428756742341,20210913,670927.00,704473.00,0,0,0.00,0.00,0.00,670927.00,0.00
40124428756742341,20210914,670927.00,704473.00,0,0,0.00,0.00,0.00,670927.00,0.00
40124428756742341,20210915,670927.00,704473.00,0,0,0.00,0.00,0.00,670927.00,0.00
40124428756742341,20210918,670927.00,704473.00,0,0,0.00,0.00,0.00,670927.00,0.00
40124428756742341,20210919,670927.00,704473.00,0,0,0.00,0.00,0.00,670927.00,0.00
40124428756742341,20210920,670927.00,704473.00,0,0,0.00,0.00,0.00,670927.00,0.00
40124428756742341,20210921,670927.00,704473.00,0,0,0.00,0.00,0.00,670927.00,0.00
40124428756742341,20210922,670927.00,704473.00,0,0,0.00,0.00,0.00,670927.00,0.00
40124428756742341,20210925,670927.00,704473.00,0,0,0.00,0.00,0.00,670927.00,0.00
40124428756742341,20210926,670927.00,704473.00,0,0,0.00,0.00,0.00,670927.00,0.00
40124428756742341,20210928,670927.00,704473.00,0,0,0.00,0.00,0.00,670927.00,0.00
40124428756742341,20210929,670927.00,704473.00,0,0,0.00,0.00,0.00,670927.00,0.00
40124428756742341,20211002,670927.00,704473.00,0,0,0.00,0.00,0.00,670927.00,0.00
40124428756742341,20211003,670927.00,704473.00,0,0,0.00,0.00,0.00,670927.00,0.00
40124428756742341,20211004,670927.00,704473.00,0,0,0.00,0.00,0.00,670927.00,0.00
40124428756742341,20211006,670927.00,704473.00,0,0,0.00,0.00,0.00,670927.00,0.00
40124428756742341,20211009,670927.00,704473.00,0,0,0.00,0.00,0.00,670927.00,0.00
40124428756742341,20211010,670927.00,704473.00,0,0,0.00,0.00,0.00,670927.00,0.00
40124428756742341,20211011,670927.00,704473.00,0,0,0.00,0.00,0.00,670927.00,0.00
40124428756742341,20211012,670927.00,704473.00,0,0,0.00,0.00,0.00,670927.00,0.00
40124428756742341,20211013,670927.00,704473.00,0,0,0.00,0.00,0.00,670927.00,0.00
40124428756742341,20211016,670927.00,704473.00,0,0,0.00,0.00,0.00,670927.00,0.00
40124428756742341,20211017,670927.00,704473.00,0,0,0.00,0.00,0.00,670927.00,0.00
40124428756742341,20211018,670927.00,704473.00,0,0,0.00,0.00,0.00,670927.00,0.00
40124428756742341,20211019,670927.00,704473.00,0,0,0.00,0.00,0.00,670927.00,0.00
40124428756742341,20211020,670927.00,704473.00,0,0,0.00,0.00,0.00,670927.00,0.00
40124428756742341,20211023,670927.00,704473.00,0,0,0.00,0.00,0.00,670927.00,0.00
40124428756742341,20211025,670927.00,704473.00,0,0,0.00,0.00,0.00,670927.00,0.00
40124428756742341,20211026,670927.00,704473.00,0,0,0.00,0.00,0.00,670927.00,0.00
40124428756742341,20211027,670927.00,704473.00,0,0,0.00,0.00,0.00,670927.00,0.00
40124428756742341,20211030,670927.00,704473.00,0,0,0.00,0.00,0.00,670927.00,0.00
40124428756742341,20211031,670927.00,704473.00,0,0,0.00,0.00,0.00,670927.00,0.00
40124428756742341,20211101,670927.00,704473.00,0,0,0.00,0.00,0.00,670927.00,0.00
40124428756742341,20211102,670927.00,704473.00,0,0,0.00,0.00,0.00,670927.00,0.00
40124428756742341,20211103,670927.00,704473.00,0,0,0.00,0.00,0.00,670927.00,0.00
40124428756742341,20211106,670927.00,704473.00,0,0,0.00,0.00,0.00,670927.00,0.00
40124428756742341,20211107,670927.00,704473.00,0,0,0.00,0.00,0.00,670927.00,0.00
40124428756742341,20211108,670927.00,704473.00,0,0,0.00,0.00,0.00,670927.00,0.00
40124428756742341,20211109,670927.00,704473.00,0,0,0.00,0.00,0.00,670927.00,0.00
40124428756742341,20211110,670927.00,704473.00,0,0,0.00,0.00,0.00,670927.00,0.00
40124428756742341,20211113,670927.00,704473.00,0,0,0.00,0.00,0.00,670927.00,0.00
40124428756742341,20211114,670927.00,704473.00,0,0,0.00,0.00,0.00,670927.00,0.00
40124428756742341,20211115,670927.00,704473.00,0,0,0.00,0.00,0.00,670927.00,0.00
40124428756742341,20211116,670927.00,704473.00,0,0,0.00,0.00,0.00,670927.00,0.00
40124428756742341,20211117,670927.00,704473.00,0,0,0.00,0.00,0.00,670927.00,0.00
40124428756742341,20211120,670927.00,704473.00,0,0,0.00,0.00,0.00,670927.00,0.00
40124428756742341,20211121,670927.00,704473.00,0,0,0.00,0.00,0.00,670927.00,0.00
40124428756742341,20211122,670927.00,704473.00,0,0,0.00,0.00,0.00,670927.00,0.00
40124428756742341,20211123,670927.00,704473.00,0,0,0.00,0.00,0.00,670927.00,0.00
40124428756742341,20211124,670927.00,704473.00,0,0,0.00,0.00,0.00,670927.00,0.00
40124428756742341,20211127,670927.00,704473.00,0,0,0.00,0.00,0.00,670927.00,0.00
40124428756742341,20211128,670927.00,704473.00,0,0,0.00,0.00,0.00,670927.00,0.00
40124428756742341,20211129,670927.00,704473.00,0,0,0.00,0.00,0.00,670927.00,0.00
40124428756742341,20211130,670927.00,704473.00,0,0,0.00,0.00,0.00,670927.00,0.00
40124428756742341,20211201,670927.00,704473.00,0,0,0.00,0.00,0.00,670927.00,0.00
40124428756742341,20211204,670927.00,704473.00,0,0,0.00,0.00,0.00,670927.00,0.00
40124428756742341,20211205,670927.00,704473.00,0,0,0.00,0.00,0.00,670927.00,0.00
40124428756742341,20211206,670927.00,704473.00,0,0,0.00,0.00,0.00,670927.00,0.00
40124428756742341,20211207,670927.00,704473.00,0,0,0.00,0.00,0.00,670927.00,0.00
40124428756742341,20211208,670927.00,704473.00,0,0,0.00,0.00,0.00,670927.00,0.00
40124428756742341,20211211,670927.00,704473.00,0,0,0.00,0.00,0.00,670927.00,0.00
40124428756742341,20211212,670927.00,704473.00,0,0,0.00,0.00,0.00,670927.00,0.00
40124428756742341,20211213,670927.00,704473.00,0,0,0.00,0.00,0.00,670927.00,0.00
40124428756742341,20211214,670927.00,704473.00,0,0,0.00,0.00,0.00,670927.00,0.00
40124428756742341,20211215,670927.00,704473.00,0,0,0.00,0.00,0.00,670927.00,0.00
40124428756742341,20211218,670927.00,704473.00,0,0,0.00,0.00,0.00,670927.00,0.00
40124428756742341,20211219,670927.00,704473.00,0,0,0.00,0.00,0.00,670927.00,0.00
40124428756742341,20211220,670927.00,704473.00,0,0,0.00,0.00,0.00,670927.00,0.00
40124428756742341,20211221,670927.00,704473.00,0,0,0.00,0.00,0.00,670927.00,0.00
40124428756742341,20211222,670927.00,704473.00,0,0,0.00,0.00,0.00,670927.00,0.00
40124428756742341,20211225,670927.00,704473.00,0,0,0.00,0.00,0.00,670927.00,0.00
40124428756742341,20211226,670927.00,704473.00,0,0,0.00,0.00,0.00,670927.00,0.00
40124428756742341,20211227,670927.00,704473.00,0,0,0.00,0.00,0.00,670927.00,0.00
40124428756742341,20211228,670927.00,704473.00,0,0,0.00,0.00,0.00,670927.00,0.00
40124428756742341,20211229,670927.00,704473.00,0,0,0.00,0.00,0.00,670927.00,0.00
40124428756742341,20220101,670927.00,704473.00,0,0,0.00,0.00,0.00,670927.00,0.00
40124428756742341,20220102,670927.00,704473.00,0,0,0.00,0.00,0.00,670927.00,0.00
40124428756742341,20220103,670927.00,704473.00,0,0,0.00,0.00,0.00,670927.00,0.00
40124428756742341,20220104,670927.00,704473.00,0,0,0.00,0.00,0.00,670927.00,0.00
40124428756742341,20220105,670927.00,704473.00,0,0,0.00,0.00,0.00,670927.00,0.00
40124428756742341,20220108,670927.00,704473.00,0,0,0.00,0.00,0.00,670927.00,0.00
40124428756742341,20220109,670927.00,704473.00,0,0,0.00,0.00,0.00,670927.00,0.00
40124428756742341,20220110,670927.00,704473.00,0,0,0.00,0.00,0.00,670927.00,0.00
40124428756742341,20220111,670927.00,704473.00,0,0,0.00,0.00,0.00,670927.00,0.00
40124428756742341,20220112,670927.00,704473.00,0,0,0.00,0.00,0.00,670927.00,0.00
40124428756742341,20220115,670927.00,704473.00,0,0,0.00,0.00,0.00,670927.00,0.00
40124428756742341,20220116,670927.00,704473.00,0,0,0.00,0.00,0.00,670927.00,0.00
40124428756742341,20220117,670927.00,704473.00,0,0,0.00,0.00,0.00,670927.00,0.00
40124428756742341,20220118,670927.00,704473.00,0,0,0.00,0.00,0.00,670927.00,0.00
40124428756742341,20220119,670927.00,704473.00,0,0,0.00,0.00,0.00,670927.00,0.00
40124428756742341,20220122,670927.00,704473.00,0,0,0.00,0.00,0.00,670927.00,0.00
40124428756742341,20220123,670927.00,704473.00,0,0,0.00,0.00,0.00,670927.00,0.00
40124428756742341,20220124,670927.00,704473.00,0,0,0.00,0.00,0.00,670927.00,0.00
40124428756742341,20220125,670927.00,704473.00,0,0,0.00,0.00,0.00,670927.00,0.00
40124428756742341,20220126,670927.00,704473.00,0,0,0.00,0.00,0.00,670927.00,0.00
40124428756742341,20220129,670927.00,704473.00,0,0,0.00,0.00,0.00,670927.00,0.00
40124428756742341,20220130,670927.00,704473.00,0,0,0.00,0.00,0.00,670927.00,0.00
40124428756742341,20220131,670927.00,704473.00,0,0,0.00,0.00,0.00,670927.00,0.00
40124428756742341,20220201,670927.00,704473.00,0,0,0.00,0.00,0.00,670927.00,0.00
40124428756742341,20220202,670927.00,704473.00,0,0,0.00,0.00,0.00,670927.00,0.00
40124428756742341,20220205,670927.00,704473.00,0,0,0.00,0.00,0.00,670927.00,0.00
40124428756742341,20220206,670927.00,704473.00,0,0,0.00,0.00,0.00,670927.00,0.00
40124428756742341,20220207,670927.00,704473.00,0,0,0.00,0.00,0.00,670927.00,0.00
40124428756742341,20220208,670927.00,704473.00,0,0,0.00,0.00,0.00,670927.00,0.00
40124428756742341,20220209,670927.00,704473.00,0,0,0.00,0.00,0.00,670927.00,0.00
40124428756742341,20220212,670927.00,704473.00,0,0,0.00,0.00,0.00,670927.00,0.00
40124428756742341,20220213,670927.00,704473.00,0,0,0.00,0.00,0.00,670927.00,0.00
40124428756742341,20220214,670927.00,704473.00,0,0,0.00,0.00,0.00,670927.00,0.00
40124428756742341,20220216,670927.00,704473.00,0,0,0.00,0.00,0.00,670927.00,0.00
40124428756742341,20220219,670927.00,704473.00,0,0,0.00,0.00,0.00,670927.00,0.00
40124428756742341,20220220,670927.00,704473.00,0,0,0.00,0.00,0.00,670927.00,0.00
40124428756742341,20220221,670927.00,704473.00,0,0,0.00,0.00,0.00,670927.00,0.00
40124428756742341,20220222,670927.00,704473.00,0,0,0.00,0.00,0.00,670927.00,0.00
40124428756742341,20220223,670927.00,704473.00,0,0,0.00,0.00,0.00,670927.00,0.00
40124428756742341,20220226,670927.00,704473.00,0,0,0.00,0.00,0.00,670927.00,0.00
40124428756742341,20220227,670927.00,704473.00,0,0,0.00,0.00,0.00,670927.00,0.00
40124428756742341,20220228,670927.00,704473.00,0,0,0.00,0.00,0.00,670927.00,0.00
40124428756742341,20220302,670927.00,704473.00,0,0,0.00,0.00,0.00,670927.00,0.00
40124428756742341,20220305,670927.00,704473.00,0,0,0.00,0.00,0.00,670927.00,0.00
40124428756742341,20220306,670927.00,704473.00,0,0,0.00,0.00,0.00,670927.00,0.00
40124428756742341,20220307,670927.00,704473.00,0,0,0.00,0.00,0.00,670927.00,0.00
40124428756742341,20220308,670927.00,704473.00,0,0,0.00,0.00,0.00,670927.00,0.00
40124428756742341,20220309,670927.00,704473.00,0,0,0.00,0.00,0.00,670927.00,0.00
40124428756742341,20220312,670927.00,704473.00,0,0,0.00,0.00,0.00,670927.00,0.00
40124428756742341,20220313,670927.00,704473.00,0,0,0.00,0.00,0.00,670927.00,0.00
40124428756742341,20220314,670927.00,704473.00,0,0,0.00,0.00,0.00,670927.00,0.00
40124428756742341,20220315,670927.00,704473.00,0,0,0.00,0.00,0.00,670927.00,0.00
40124428756742341,20220316,670927.00,704473.00,0,0,0.00,0.00,0.00,670927.00,0.00
40124428756742341,20220319,670927.00,704473.00,0,0,0.00,0.00,0.00,670927.00,0.00
40124428756742341,20220326,670927.00,704473.00,0,0,0.00,0.00,0.00,670927.00,0.00
40124428756742341,20220327,670927.00,704473.00,0,0,0.00,0.00,0.00,670927.00,0.00
40124428756742341,20220328,670927.00,704473.00,0,0,0.00,0.00,0.00,670927.00,0.00
40124428756742341,20220329,670927.00,704473.00,0,0,0.00,0.00,0.00,670927.00,0.00
40124428756742341,20220330,670927.00,704473.00,0,0,0.00,0.00,0.00,670927.00,0.00
40124428756742341,20220403,670927.00,704473.00,0,0,0.00,0.00,0.00,670927.00,0.00
40124428756742341,20220404,670927.00,704473.00,0,0,0.00,0.00,0.00,670927.00,0.00
40124428756742341,20220405,670927.00,704473.00,0,0,0.00,0.00,0.00,670927.00,0.00
40124428756742341,20220406,670927.00,704473.00,0,0,0.00,0.00,0.00,670927.00,0.00
40124428756742341,20220409,670927.00,704473.00,0,0,0.00,0.00,0.00,670927.00,0.00
40124428756742341,20220410,670927.00,704473.00,0,0,0.00,0.00,0.00,670927.00,0.00
40124428756742341,20220411,670927.00,704473.00,0,0,0.00,0.00,0.00,670927.00,0.00
40124428756742341,20220412,670927.00,704473.00,0,0,0.00,0.00,0.00,670927.00,0.00
40124428756742341,20220413,670927.00,704473.00,0,0,0.00,0.00,0.00,670927.00,0.00
40124428756742341,20220416,670927.00,704473.00,0,0,0.00,0.00,0.00,670927.00,0.00
40124428756742341,20220417,670927.00,704473.00,0,0,0.00,0.00,0.00,670927.00,0.00
40124428756742341,20220418,670927.00,704473.00,0,0,0.00,0.00,0.00,670927.00,0.00
40124428756742341,20220419,670927.00,704473.00,0,0,0.00,0.00,0.00,670927.00,0.00
40124428756742341,20220420,670927.00,704473.00,0,0,0.00,0.00,0.00,670927.00,0.00
40124428756742341,20220424,670927.00,704473.00,0,0,0.00,0.00,0.00,670927.00,0.00
40124428756742341,20220425,670927.00,704473.00,0,0,0.00,0.00,0.00,670927.00,0.00
40124428756742341,20220426,670927.00,704473.00,0,0,0.00,0.00,0.00,670927.00,0.00
40124428756742341,20220427,670927.00,704473.00,0,0,0.00,0.00,0.00,670927.00,0.00
40124428756742341,20220430,670927.00,704473.00,0,0,0.00,0.00,0.00,670927.00,0.00
40124428756742341,20220501,670927.00,704473.00,0,0,0.00,0.00,0.00,670927.00,0.00
40124428756742341,20220502,670927.00,704473.00,0,0,0.00,0.00,0.00,670927.00,0.00
40124428756742341,20220507,670927.00,704473.00,0,0,0.00,0.00,0.00,670927.00,0.00
40124428756742341,20220508,670927.00,704473.00,0,0,0.00,0.00,0.00,670927.00,0.00
40124428756742341,20220509,670927.00,704473.00,0,0,0.00,0.00,0.00,670927.00,0.00
40124428756742341,20220510,670927.00,704473.00,0,0,0.00,0.00,0.00,670927.00,0.00
40124428756742341,20220511,670927.00,704473.00,0,0,0.00,0.00,0.00,670927.00,0.00
40124428756742341,20220514,670927.00,704473.00,0,0,0.00,0.00,0.00,670927.00,0.00
40124428756742341,20220515,670927.00,704473.00,0,0,0.00,0.00,0.00,670927.00,0.00
40124428756742341,20220516,670927.00,704473.00,0,0,0.00,0.00,0.00,670927.00,0.00
40124428756742341,20220517,670927.00,704473.00,0,0,0.00,0.00,0.00,670927.00,0.00
40124428756742341,20220518,670927.00,704473.00,0,0,0.00,0.00,0.00,670927.00,0.00
40124428756742341,20220521,670927.00,704473.00,0,0,0.00,0.00,0.00,670927.00,0.00
40124428756742341,20220522,670927.00,704473.00,0,0,0.00,0.00,0.00,670927.00,0.00
40124428756742341,20220523,670927.00,704473.00,0,0,0.00,0.00,0.00,670927.00,0.00
40124428756742341,20220524,670927.00,704473.00,0,0,0.00,0.00,0.00,670927.00,0.00
40124428756742341,20220525,670927.00,704473.00,0,0,0.00,0.00,0.00,670927.00,0.00
40124428756742341,20220528,670927.00,704473.00,0,0,0.00,0.00,0.00,670927.00,0.00
40124428756742341,20220529,670927.00,704473.00,0,0,0.00,0.00,0.00,670927.00,0.00
40124428756742341,20220530,670927.00,704473.00,0,0,0.00,0.00,0.00,670927.00,0.00
40124428756742341,20220531,670927.00,704473.00,0,0,0.00,0.00,0.00,670927.00,0.00
40124428756742341,20220601,670927.00,704473.00,0,0,0.00,0.00,0.00,670927.00,0.00
40124428756742341,20220606,670927.00,704473.00,0,0,0.00,0.00,0.00,670927.00,0.00
40124428756742341,20220607,670927.00,704473.00,0,0,0.00,0.00,0.00,670927.00,0.00
40124428756742341,20220608,670927.00,704473.00,0,0,0.00,0.00,0.00,670927.00,0.00
